inx,0,0.5,1,1.5,2,2.5,3,3.5,4,4.5,5,5.5,6,6.5,7,7.5,8,8.5,9,9.5,10,10.5,11,11.5,12,12.5,13,13.5,14,14.5,15,15
0.8,1.3,1.3,1.4,1.4,1.4,1.4,1.5,1.5,1.6,1.6,1.6,1.6,1.7,1.7,1.8,1.8,1.9,1.9,1.9,1.9,2.0,2.0,2.0,2.0,2.1,2.1,2.2,2.2,2.3,2.0,2.3,2.3
0.9,1.3,1.3370967741935484,1.3741935483870968,1.4112903225806452,1.4483870967741936,1.485483870967742,1.5225806451612904,1.5596774193548388,1.5967741935483872,1.6338709677419356,1.670967741935484,1.7080645161290324,1.7451612903225806,1.782258064516129,1.8193548387096774,1.8564516129032258,1.8935483870967742,1.9306451612903226,1.967741935483871,2.0048387096774194,2.041935483870968,2.079032258064516,2.1161290322580646,2.153225806451613,2.1903225806451614,2.22741935483871,2.264516129032258,2.3016129032258066,2.338709677419355,2.3758064516129034,2.412903225806452,2.45
1.0,1.4,1.4,1.4,1.4,1.5,1.5,1.6,1.6,1.7,1.7,1.8,1.8,1.9,1.9,1.9,1.9,2.0,2.0,2.1,2.1,2.2,2.2,2.3,2.3,2.4,2.4,2.4,2.4,2.5,2.5,2.6,2.6
1.1,1.4,1.4438709677419355,1.487741935483871,1.5316129032258063,1.575483870967742,1.6193548387096774,1.6632258064516128,1.7070967741935483,1.7509677419354839,1.7948387096774194,1.838709677419355,1.8825806451612903,1.9264516129032259,1.9703225806451614,2.0141935483870967,2.0580645161290323,2.101935483870968,2.1458064516129034,2.189677419354839,2.233548387096774,2.2774193548387096,2.321290322580645,2.3651612903225807,2.4090322580645163,2.452903225806452,2.4967741935483874,2.540645161290323,2.5845161290322585,2.628387096774194,2.6722580645161296,2.7161290322580647,2.7600000000000002
1.2,1.4,1.449032258064516,1.4980645161290322,1.5470967741935482,1.5961290322580644,1.6451612903225805,1.6941935483870967,1.7432258064516128,1.792258064516129,1.8412903225806452,1.8903225806451611,1.9393548387096775,1.9883870967741935,2.0374193548387094,2.086451612903226,2.1354838709677417,2.184516129032258,2.233548387096774,2.28258064516129,2.3316129032258064,2.3806451612903228,2.4296774193548387,2.4787096774193547,2.5277419354838706,2.576774193548387,2.6258064516129034,2.6748387096774193,2.7238709677419353,2.7729032258064517,2.8219354838709676,2.870967741935484,2.92
1.3,1.5,1.550967741935484,1.6019354838709678,1.6529032258064515,1.7038709677419355,1.7548387096774194,1.8058064516129033,1.8567741935483872,1.907741935483871,1.9587096774193549,2.009677419354839,2.0606451612903225,2.1116129032258066,2.1625806451612903,2.2135483870967745,2.264516129032258,2.315483870967742,2.366451612903226,2.4174193548387097,2.468387096774194,2.5193548387096776,2.5703225806451613,2.621290322580645,2.672258064516129,2.7232258064516133,2.774193548387097,2.8251612903225807,2.8761290322580644,2.9270967741935485,2.9780645161290327,3.0290322580645164,3.08
1.4,1.5,1.5561290322580645,1.612258064516129,1.6683870967741936,1.7245161290322581,1.7806451612903227,1.8367741935483872,1.8929032258064518,1.9490322580645163,2.005161290322581,2.0612903225806454,2.11741935483871,2.1735483870967744,2.2296774193548385,2.2858064516129035,2.3419354838709676,2.3980645161290326,2.4541935483870967,2.5103225806451617,2.5664516129032258,2.6225806451612907,2.678709677419355,2.73483870967742,2.790967741935484,2.8470967741935485,2.903225806451613,2.9593548387096775,3.015483870967742,3.0716129032258066,3.127741935483871,3.1838709677419357,3.24
1.5,1.6,1.6,1.7,1.7,1.8,1.8,2.0,2.0,2.1,2.1,2.2,2.2,2.3,2.3,2.5,2.5,2.6,2.6,2.7,2.7,2.8,2.8,3.0,3.0,3.1,3.1,3.2,3.2,3.3,3.3,3.4,3.4
1.6,1.7,1.7606451612903224,1.8212903225806452,1.8819354838709677,1.9425806451612904,2.0032258064516126,2.0638709677419356,2.124516129032258,2.1851612903225806,2.245806451612903,2.306451612903226,2.3670967741935485,2.427741935483871,2.4883870967741935,2.549032258064516,2.6096774193548384,2.6703225806451614,2.730967741935484,2.7916129032258064,2.8522580645161293,2.912903225806452,2.9735483870967743,3.0341935483870968,3.0948387096774193,3.1554838709677417,3.2161290322580642,3.276774193548387,3.3374193548387097,3.398064516129032,3.458709677419355,3.5193548387096776,3.58
1.7,1.7,1.7664516129032257,1.8329032258064515,1.8993548387096773,1.9658064516129032,2.032258064516129,2.0987096774193548,2.1651612903225805,2.2316129032258063,2.298064516129032,2.364516129032258,2.4309677419354836,2.4974193548387094,2.563870967741935,2.630322580645161,2.6967741935483867,2.7632258064516124,2.829677419354838,2.896129032258064,2.9625806451612897,3.0290322580645155,3.0954838709677417,3.1619354838709675,3.228387096774193,3.294838709677419,3.3612903225806448,3.4277419354838705,3.4941935483870963,3.5606451612903225,3.6270967741935483,3.693548387096774,3.76
1.8,1.7,1.772258064516129,1.844516129032258,1.916774193548387,1.9890322580645161,2.0612903225806454,2.1335483870967744,2.2058064516129035,2.2780645161290325,2.3503225806451615,2.4225806451612906,2.4948387096774196,2.5670967741935486,2.6393548387096777,2.7116129032258067,2.7838709677419358,2.856129032258065,2.928387096774194,3.000645161290323,3.072903225806452,3.145161290322581,3.21741935483871,3.289677419354839,3.361935483870968,3.434193548387097,3.506451612903226,3.578709677419355,3.6509677419354842,3.7232258064516133,3.7954838709677423,3.8677419354838714,3.94
1.9,1.7,1.7780645161290323,1.8561290322580644,1.9341935483870967,2.012258064516129,2.0903225806451613,2.1683870967741936,2.2464516129032255,2.324516129032258,2.40258064516129,2.4806451612903224,2.5587096774193547,2.636774193548387,2.7148387096774194,2.7929032258064517,2.870967741935484,2.9490322580645163,3.0270967741935486,3.105161290322581,3.183225806451613,3.261290322580645,3.3393548387096774,3.4174193548387093,3.4954838709677416,3.573548387096774,3.6516129032258062,3.7296774193548385,3.807741935483871,3.885806451612903,3.9638709677419355,4.041935483870968,4.12
2.0,1.8,1.8,2.0,2.0,2.1,2.1,2.3,2.3,2.5,2.5,2.6,2.6,2.6,2.6,3.0,3.0,3.1,3.1,3.3,3.3,3.5,3.5,3.6,3.6,3.8,3.9,4.0,4.05,4.1,4.199999999999999,4.3,4.3
2.1,1.9,1.9829032258064516,2.0658064516129033,2.1487096774193546,2.2316129032258063,2.314516129032258,2.3974193548387097,2.4803225806451614,2.5632258064516127,2.6461290322580644,2.729032258064516,2.8119354838709674,2.894838709677419,2.977741935483871,3.0606451612903225,3.143548387096774,3.226451612903226,3.3093548387096776,3.392258064516129,3.4751612903225806,3.558064516129032,3.6409677419354836,3.7238709677419353,3.806774193548387,3.8896774193548387,3.9725806451612904,4.055483870967741,4.138387096774194,4.221290322580645,4.304193548387097,4.387096774193548,4.47
2.2,1.9,1.9883870967741935,2.076774193548387,2.1651612903225805,2.253548387096774,2.3419354838709676,2.430322580645161,2.5187096774193547,2.6070967741935482,2.695483870967742,2.7838709677419353,2.872258064516129,2.9606451612903224,3.049032258064516,3.1374193548387095,3.225806451612903,3.3141935483870966,3.40258064516129,3.4909677419354836,3.579354838709677,3.6677419354838707,3.7561290322580643,3.844516129032258,3.9329032258064514,4.021290322580645,4.109677419354838,4.1980645161290315,4.2864516129032255,4.3748387096774195,4.463225806451613,4.551612903225806,4.64
2.3,2.0,2.0906451612903227,2.181290322580645,2.2719354838709678,2.36258064516129,2.453225806451613,2.5438709677419356,2.6345161290322583,2.7251612903225806,2.815806451612903,2.9064516129032256,2.9970967741935484,3.087741935483871,3.1783870967741934,3.269032258064516,3.3596774193548384,3.450322580645161,3.540967741935484,3.631612903225806,3.722258064516129,3.8129032258064512,3.903548387096774,3.9941935483870967,4.084838709677419,4.175483870967742,4.266129032258064,4.356774193548387,4.4474193548387095,4.538064516129032,4.628709677419355,4.719354838709677,4.81
2.4,2.0,2.0961290322580646,2.192258064516129,2.2883870967741933,2.384516129032258,2.4806451612903224,2.576774193548387,2.6729032258064516,2.769032258064516,2.8651612903225807,2.961290322580645,3.05741935483871,3.153548387096774,3.2496774193548386,3.345806451612903,3.4419354838709673,3.5380645161290323,3.6341935483870964,3.730322580645161,3.8264516129032256,3.92258064516129,4.018709677419355,4.11483870967742,4.210967741935484,4.307096774193548,4.403225806451612,4.499354838709677,4.595483870967742,4.691612903225806,4.78774193548387,4.8838709677419345,4.9799999999999995
2.5,2.0,2.1016129032258064,2.203225806451613,2.304838709677419,2.4064516129032256,2.508064516129032,2.609677419354839,2.7112903225806453,2.8129032258064517,2.914516129032258,3.0161290322580645,3.1177419354838714,3.2193548387096778,3.320967741935484,3.4225806451612906,3.524193548387097,3.6258064516129034,3.72741935483871,3.829032258064516,3.9306451612903226,4.032258064516129,4.133870967741936,4.235483870967743,4.337096774193549,4.4387096774193555,4.540322580645162,4.641935483870968,4.743548387096775,4.845161290322581,4.9467741935483875,5.048387096774194,5.15
2.6,2.1,2.2038709677419357,2.307741935483871,2.4116129032258065,2.515483870967742,2.6193548387096777,2.7232258064516133,2.8270967741935484,2.930967741935484,3.0348387096774196,3.138709677419355,3.2425806451612904,3.346451612903226,3.4503225806451616,3.5541935483870972,3.6580645161290324,3.761935483870968,3.8658064516129036,3.9696774193548388,4.073548387096775,4.17741935483871,4.281290322580645,4.38516129032258,4.489032258064516,4.592903225806452,4.6967741935483875,4.800645161290323,4.904516129032258,5.008387096774194,5.11225806451613,5.216129032258065,5.32
2.7,2.1,2.2093548387096775,2.318709677419355,2.4280645161290324,2.53741935483871,2.6467741935483873,2.7561290322580647,2.865483870967742,2.9748387096774196,3.084193548387097,3.193548387096774,3.3029032258064515,3.412258064516129,3.5216129032258063,3.6309677419354838,3.740322580645161,3.8496774193548386,3.959032258064516,4.0683870967741935,4.177741935483871,4.287096774193548,4.396451612903226,4.505806451612903,4.615161290322581,4.724516129032258,4.833870967741936,4.943225806451613,5.0525806451612905,5.161935483870968,5.271290322580645,5.380645161290323,5.49
2.8,2.2,2.311612903225807,2.423225806451613,2.5348387096774196,2.646451612903226,2.7580645161290325,2.869677419354839,2.9812903225806453,3.092903225806452,3.2045161290322586,3.3161290322580648,3.427741935483871,3.5393548387096776,3.6509677419354842,3.7625806451612904,3.874193548387097,3.9858064516129037,4.09741935483871,4.209032258064516,4.320645161290322,4.432258064516129,4.5438709677419356,4.655483870967743,4.767096774193549,4.878709677419355,4.990322580645161,5.101935483870967,5.2135483870967745,5.325161290322582,5.436774193548388,5.548387096774194,5.66
2.9,2.3,2.413870967741935,2.5277419354838706,2.6416129032258064,2.755483870967742,2.8693548387096772,2.9832258064516126,3.097096774193548,3.210967741935484,3.3248387096774192,3.4387096774193546,3.5525806451612905,3.6664516129032254,3.7803225806451612,3.8941935483870966,4.008064516129032,4.121935483870968,4.235806451612903,4.349677419354839,4.463548387096774,4.577419354838709,4.691290322580645,4.80516129032258,4.919032258064516,5.032903225806452,5.146774193548387,5.260645161290323,5.3745161290322585,5.4883870967741935,5.602258064516128,5.716129032258065,5.83
3.0,2.3,2.4,2.5,2.625,2.75,2.875,3.0,3.125,3.25,3.375,3.5,3.625,3.75,3.875,4.0,4.125,4.25,4.375,4.5,4.625,4.75,4.875,5.0,5.125,5.25,5.375,5.5,5.625,5.75,5.875,6.0,6.0
3.1,2.3,2.4248387096774193,2.5496774193548384,2.674516129032258,2.7993548387096774,2.9241935483870964,3.049032258064516,3.1738709677419354,3.298709677419355,3.423548387096774,3.5483870967741935,3.6732258064516126,3.798064516129032,3.9229032258064516,4.047741935483871,4.172580645161291,4.297419354838709,4.422258064516129,4.547096774193548,4.671935483870968,4.796774193548387,4.921612903225807,5.046451612903226,5.171290322580646,5.296129032258064,5.420967741935484,5.545806451612903,5.670645161290323,5.795483870967741,5.920322580645161,6.04516129032258,6.17
3.2,2.3,2.430322580645161,2.5606451612903225,2.690967741935484,2.821290322580645,2.951612903225806,3.0819354838709674,3.2122580645161287,3.34258064516129,3.4729032258064514,3.6032258064516127,3.733548387096774,3.863870967741935,3.9941935483870967,4.124516129032258,4.2548387096774185,4.38516129032258,4.515483870967742,4.645806451612903,4.776129032258064,4.906451612903226,5.0367741935483865,5.167096774193547,5.297419354838709,5.427741935483871,5.558064516129032,5.688387096774193,5.8187096774193545,5.949032258064515,6.079354838709676,6.209677419354838,6.34
3.3,2.4,2.53258064516129,2.6651612903225805,2.797741935483871,2.930322580645161,3.0629032258064512,3.195483870967742,3.3280645161290323,3.4606451612903224,3.5932258064516125,3.725806451612903,3.8583870967741936,3.9909677419354836,4.123548387096774,4.256129032258064,4.388709677419355,4.521290322580645,4.653870967741936,4.7864516129032255,4.919032258064515,5.051612903225806,5.184193548387096,5.316774193548387,5.449354838709677,5.581935483870968,5.714516129032258,5.847096774193548,5.979677419354838,6.112258064516128,6.244838709677419,6.377419354838709,6.51
3.4,2.5,2.6348387096774193,2.7696774193548386,2.904516129032258,3.039354838709677,3.1741935483870964,3.309032258064516,3.4438709677419355,3.5787096774193548,3.713548387096774,3.8483870967741933,3.983225806451613,4.118064516129032,4.252903225806452,4.387741935483871,4.52258064516129,4.6574193548387095,4.792258064516129,4.927096774193548,5.061935483870967,5.196774193548387,5.331612903225807,5.466451612903226,5.601290322580645,5.736129032258065,5.870967741935484,6.005806451612903,6.140645161290323,6.275483870967742,6.410322580645161,6.54516129032258,6.68
3.5,2.5,2.640322580645161,2.7806451612903227,2.920967741935484,3.0612903225806454,3.2016129032258065,3.3419354838709676,3.482258064516129,3.6225806451612903,3.7629032258064514,3.903225806451613,4.043548387096774,4.183870967741935,4.324193548387097,4.464516129032258,4.60483870967742,4.745161290322581,4.885483870967741,5.025806451612903,5.166129032258064,5.306451612903226,5.4467741935483875,5.587096774193548,5.72741935483871,5.8677419354838705,6.008064516129032,6.148387096774194,6.288709677419355,6.429032258064516,6.569354838709677,6.709677419354839,6.85
3.6,2.6,2.7425806451612904,2.8851612903225807,3.027741935483871,3.1703225806451614,3.3129032258064517,3.455483870967742,3.5980645161290323,3.7406451612903227,3.883225806451613,4.025806451612903,4.168387096774193,4.3109677419354835,4.453548387096774,4.596129032258064,4.7387096774193544,4.881290322580645,5.023870967741935,5.166451612903225,5.309032258064516,5.451612903225806,5.594193548387096,5.736774193548387,5.879354838709677,6.021935483870967,6.164516129032258,6.307096774193548,6.449677419354838,6.592258064516129,6.734838709677419,6.877419354838709,7.02
3.7,2.6,2.7480645161290322,2.896129032258065,3.044193548387097,3.192258064516129,3.3403225806451613,3.4883870967741935,3.636451612903226,3.784516129032258,3.9325806451612904,4.080645161290323,4.228709677419355,4.376774193548387,4.52483870967742,4.6729032258064525,4.820967741935484,4.969032258064516,5.1170967741935485,5.265161290322581,5.413225806451614,5.561290322580645,5.709354838709677,5.85741935483871,6.005483870967742,6.153548387096775,6.301612903225807,6.449677419354838,6.597741935483871,6.7458064516129035,6.893870967741936,7.041935483870969,7.19
3.8,2.6,2.753548387096774,2.9070967741935485,3.0606451612903225,3.214193548387097,3.367741935483871,3.5212903225806453,3.6748387096774193,3.8283870967741933,3.9819354838709677,4.135483870967742,4.289032258064516,4.44258064516129,4.596129032258064,4.749677419354839,4.903225806451613,5.056774193548387,5.210322580645161,5.363870967741935,5.51741935483871,5.670967741935484,5.824516129032258,5.978064516129033,6.131612903225806,6.285161290322581,6.438709677419355,6.592258064516129,6.7458064516129035,6.899354838709677,7.0529032258064515,7.206451612903226,7.36
3.9,2.7,2.8558064516129034,3.0116129032258065,3.1674193548387097,3.323225806451613,3.4790322580645165,3.6348387096774197,3.790645161290323,3.946451612903226,4.102258064516129,4.258064516129032,4.413870967741936,4.569677419354839,4.725483870967743,4.881290322580646,5.037096774193548,5.192903225806452,5.348709677419356,5.504516129032258,5.660322580645161,5.816129032258065,5.971935483870968,6.127741935483872,6.283548387096775,6.4393548387096775,6.595161290322581,6.750967741935485,6.9067741935483875,7.062580645161291,7.218387096774194,7.3741935483870975,7.53
4.0,2.7,2.85,3.0,3.1678571428571427,3.335714285714286,3.5035714285714286,3.6714285714285717,3.8392857142857144,4.007142857142857,4.175,4.342857142857143,4.510714285714286,4.678571428571429,4.8464285714285715,5.014285714285714,5.182142857142857,5.35,5.517857142857143,5.685714285714286,5.853571428571429,6.021428571428572,6.189285714285715,6.357142857142858,6.525,6.692857142857143,6.860714285714286,7.0285714285714285,7.196428571428572,7.364285714285715,7.5321428571428575,7.7,7.7
4.1,2.8,2.964516129032258,3.129032258064516,3.293548387096774,3.458064516129032,3.6225806451612903,3.7870967741935484,3.951612903225806,4.116129032258065,4.280645161290322,4.445161290322581,4.609677419354838,4.774193548387096,4.938709677419355,5.103225806451613,5.267741935483871,5.4322580645161285,5.596774193548387,5.7612903225806456,5.925806451612903,6.090322580645161,6.254838709677419,6.419354838709678,6.583870967741936,6.748387096774193,6.912903225806452,7.077419354838709,7.241935483870968,7.406451612903226,7.570967741935484,7.735483870967742,7.9
4.2,2.8,2.9709677419354836,3.1419354838709674,3.3129032258064512,3.483870967741935,3.654838709677419,3.825806451612903,3.996774193548387,4.167741935483871,4.338709677419354,4.509677419354839,4.680645161290323,4.851612903225806,5.02258064516129,5.193548387096774,5.364516129032258,5.535483870967742,5.7064516129032254,5.877419354838709,6.048387096774193,6.219354838709677,6.390322580645162,6.5612903225806445,6.732258064516129,6.903225806451613,7.074193548387097,7.245161290322581,7.416129032258064,7.587096774193548,7.758064516129032,7.929032258064516,8.1
4.3,2.8,2.9774193548387093,3.1548387096774193,3.332258064516129,3.509677419354839,3.6870967741935483,3.864516129032258,4.041935483870968,4.219354838709678,4.396774193548387,4.574193548387097,4.751612903225807,4.929032258064517,5.106451612903227,5.283870967741936,5.461290322580646,5.638709677419355,5.816129032258065,5.993548387096775,6.170967741935485,6.348387096774195,6.525806451612904,6.703225806451614,6.880645161290324,7.058064516129033,7.235483870967743,7.412903225806453,7.590322580645162,7.767741935483872,7.945161290322582,8.122580645161293,8.3
4.4,2.9,3.0806451612903225,3.261290322580645,3.4419354838709677,3.6225806451612903,3.803225806451613,3.983870967741935,4.164516129032258,4.34516129032258,4.525806451612903,4.7064516129032254,4.887096774193548,5.067741935483871,5.248387096774193,5.429032258064516,5.609677419354838,5.790322580645161,5.970967741935484,6.151612903225806,6.332258064516129,6.512903225806451,6.693548387096774,6.874193548387097,7.054838709677419,7.235483870967741,7.416129032258064,7.596774193548386,7.77741935483871,7.958064516129031,8.138709677419355,8.319354838709677,8.5
4.5,2.9,3.087096774193548,3.2741935483870965,3.461290322580645,3.6483870967741936,3.8354838709677415,4.02258064516129,4.209677419354838,4.396774193548387,4.583870967741936,4.7709677419354835,4.958064516129031,5.14516129032258,5.332258064516129,5.519354838709678,5.7064516129032254,5.893548387096773,6.080645161290322,6.267741935483871,6.454838709677419,6.6419354838709666,6.829032258064515,7.016129032258064,7.203225806451613,7.390322580645162,7.5774193548387085,7.764516129032257,7.951612903225806,8.138709677419355,8.325806451612902,8.51290322580645,8.7
4.6,3.0,3.1903225806451614,3.3806451612903223,3.5709677419354837,3.761290322580645,3.951612903225806,4.141935483870967,4.332258064516129,4.52258064516129,4.712903225806452,4.903225806451612,5.093548387096774,5.283870967741935,5.474193548387096,5.664516129032258,5.854838709677418,6.04516129032258,6.235483870967741,6.425806451612902,6.616129032258064,6.806451612903225,6.9967741935483865,7.187096774193548,7.377419354838708,7.56774193548387,7.758064516129031,7.9483870967741925,8.138709677419353,8.329032258064515,8.519354838709676,8.709677419354836,8.899999999999999
4.7,3.1,3.293548387096774,3.4870967741935486,3.6806451612903226,3.8741935483870966,4.0677419354838715,4.2612903225806456,4.45483870967742,4.648387096774194,4.841935483870968,5.035483870967742,5.229032258064516,5.42258064516129,5.616129032258065,5.809677419354839,6.0032258064516135,6.1967741935483875,6.390322580645162,6.583870967741936,6.77741935483871,6.970967741935484,7.164516129032258,7.358064516129032,7.551612903225806,7.74516129032258,7.9387096774193555,8.13225806451613,8.325806451612904,8.519354838709678,8.712903225806452,8.906451612903226,9.1
4.8,3.1,3.3000000000000003,3.5,3.7,3.9,4.1,4.3,4.5,4.7,4.9,5.1,5.3,5.5,5.699999999999999,5.9,6.1,6.3,6.5,6.699999999999999,6.9,7.1,7.299999999999999,7.5,7.699999999999999,7.9,8.1,8.299999999999999,8.5,8.7,8.9,9.1,9.299999999999999
4.9,3.1,3.306451612903226,3.512903225806452,3.7193548387096778,3.925806451612903,4.1322580645161295,4.338709677419355,4.54516129032258,4.751612903225807,4.958064516129032,5.164516129032258,5.370967741935484,5.57741935483871,5.783870967741936,5.990322580645161,6.1967741935483875,6.403225806451613,6.609677419354838,6.816129032258065,7.02258064516129,7.229032258064516,7.435483870967742,7.641935483870968,7.848387096774193,8.05483870967742,8.261290322580646,8.467741935483872,8.674193548387096,8.880645161290323,9.087096774193549,9.293548387096774,9.5
5.0,3.3,3.5,3.7,3.925,4.15,4.375,4.6,4.8125,5.0249999999999995,5.2375,5.449999999999999,5.6625,5.875,6.0874999999999995,6.3,6.512499999999999,6.725,6.9375,7.1499999999999995,7.362499999999999,7.574999999999999,7.7875,8.0,8.212499999999999,8.424999999999999,8.6375,8.85,9.0625,9.274999999999999,9.4875,9.7,9.7
5.1,3.3,3.511290322580645,3.72258064516129,3.9338709677419352,4.14516129032258,4.356451612903226,4.567741935483871,4.779032258064516,4.990322580645161,5.201612903225806,5.412903225806451,5.624193548387097,5.8354838709677415,6.046774193548387,6.258064516129032,6.469354838709677,6.680645161290322,6.891935483870967,7.103225806451612,7.314516129032258,7.525806451612903,7.737096774193548,7.948387096774193,8.15967741935484,8.370967741935484,8.582258064516129,8.793548387096774,9.004838709677419,9.216129032258063,9.427419354838708,9.638709677419353,9.85
5.2,3.4,3.6129032258064515,3.825806451612903,4.038709677419355,4.251612903225807,4.464516129032258,4.67741935483871,4.890322580645162,5.103225806451613,5.316129032258065,5.529032258064516,5.741935483870968,5.95483870967742,6.167741935483871,6.380645161290323,6.593548387096774,6.806451612903226,7.019354838709678,7.232258064516129,7.445161290322581,7.658064516129032,7.870967741935484,8.083870967741936,8.296774193548387,8.509677419354839,8.72258064516129,8.935483870967742,9.148387096774194,9.361290322580645,9.574193548387097,9.787096774193548,10.0
5.3,3.4,3.617741935483871,3.835483870967742,4.0532258064516125,4.2709677419354835,4.4887096774193544,4.7064516129032254,4.924193548387096,5.141935483870967,5.359677419354838,5.5774193548387085,5.79516129032258,6.0129032258064505,6.230645161290322,6.4483870967741925,6.6661290322580635,6.8838709677419345,7.1016129032258055,7.3193548387096765,7.537096774193547,7.7548387096774185,7.972580645161289,8.19032258064516,8.40806451612903,8.625806451612902,8.843548387096773,9.061290322580644,9.279032258064515,9.496774193548385,9.714516129032257,9.932258064516127,10.149999999999999
5.4,3.6,3.8161290322580648,4.032258064516129,4.248387096774193,4.464516129032258,4.680645161290323,4.896774193548387,5.112903225806452,5.329032258064516,5.54516129032258,5.7612903225806456,5.977419354838709,6.193548387096774,6.409677419354838,6.6258064516129025,6.841935483870968,7.058064516129032,7.274193548387096,7.490322580645161,7.706451612903225,7.92258064516129,8.138709677419355,8.354838709677418,8.570967741935483,8.787096774193548,9.003225806451612,9.219354838709677,9.435483870967742,9.651612903225805,9.86774193548387,10.083870967741934,10.299999999999999
5.5,3.8,4.014516129032258,4.229032258064516,4.443548387096774,4.658064516129032,4.87258064516129,5.087096774193548,5.301612903225806,5.516129032258064,5.730645161290322,5.945161290322581,6.159677419354838,6.374193548387097,6.588709677419354,6.8032258064516125,7.017741935483871,7.232258064516129,7.446774193548387,7.661290322580645,7.8758064516129025,8.09032258064516,8.30483870967742,8.519354838709678,8.733870967741936,8.948387096774194,9.162903225806451,9.37741935483871,9.591935483870968,9.806451612903224,10.020967741935483,10.235483870967741,10.45
5.6,3.8,4.019354838709678,4.2387096774193544,4.458064516129032,4.67741935483871,4.896774193548387,5.116129032258065,5.335483870967742,5.554838709677419,5.774193548387096,5.993548387096774,6.212903225806452,6.4322580645161285,6.651612903225806,6.870967741935484,7.090322580645161,7.309677419354839,7.529032258064516,7.748387096774193,7.967741935483871,8.187096774193549,8.406451612903226,8.625806451612902,8.84516129032258,9.064516129032258,9.283870967741937,9.503225806451614,9.72258064516129,9.941935483870967,10.161290322580644,10.380645161290323,10.6
5.7,4.0,4.217741935483871,4.435483870967742,4.653225806451613,4.870967741935484,5.088709677419355,5.306451612903226,5.524193548387097,5.741935483870968,5.959677419354839,6.17741935483871,6.39516129032258,6.612903225806452,6.830645161290322,7.048387096774194,7.266129032258064,7.483870967741936,7.701612903225806,7.919354838709678,8.137096774193548,8.35483870967742,8.57258064516129,8.79032258064516,9.008064516129032,9.225806451612904,9.443548387096774,9.661290322580644,9.879032258064516,10.096774193548388,10.314516129032258,10.532258064516128,10.75
5.8,4.0,4.22258064516129,4.445161290322581,4.667741935483871,4.890322580645162,5.112903225806452,5.3354838709677415,5.558064516129032,5.780645161290322,6.003225806451613,6.225806451612903,6.4483870967741925,6.670967741935483,6.893548387096773,7.116129032258064,7.338709677419354,7.5612903225806445,7.783870967741935,8.006451612903225,8.229032258064516,8.451612903225806,8.674193548387095,8.896774193548385,9.119354838709675,9.341935483870966,9.564516129032256,9.787096774193547,10.009677419354837,10.232258064516127,10.454838709677418,10.677419354838708,10.899999999999999
5.9,4.1,4.324193548387097,4.548387096774193,4.77258064516129,4.9967741935483865,5.220967741935484,5.445161290322581,5.669354838709677,5.893548387096773,6.1177419354838705,6.341935483870968,6.566129032258064,6.790322580645161,7.014516129032257,7.2387096774193544,7.462903225806452,7.687096774193548,7.911290322580644,8.135483870967741,8.359677419354838,8.583870967741934,8.808064516129033,9.032258064516128,9.256451612903225,9.480645161290322,9.704838709677418,9.929032258064517,10.153225806451612,10.37741935483871,10.601612903225806,10.825806451612902,11.049999999999999
6.0,4.3,4.55,4.8,5.025,5.25,5.475,5.7,5.929166666666667,6.158333333333333,6.3875,6.616666666666667,6.845833333333333,7.075,7.304166666666667,7.533333333333333,7.762499999999999,7.991666666666666,8.220833333333333,8.45,8.679166666666667,8.908333333333333,9.1375,9.366666666666667,9.595833333333333,9.825,10.054166666666667,10.283333333333331,10.5125,10.741666666666667,10.970833333333331,11.2,11.2
6.1,4.3,4.527096774193549,4.7541935483870965,4.981290322580645,5.208387096774193,5.435483870967742,5.66258064516129,5.889677419354839,6.1167741935483875,6.343870967741935,6.570967741935483,6.798064516129032,7.025161290322581,7.252258064516129,7.4793548387096775,7.706451612903226,7.933548387096774,8.160645161290322,8.38774193548387,8.61483870967742,8.841935483870968,9.069032258064517,9.296129032258065,9.523225806451613,9.750322580645161,9.977419354838709,10.204516129032259,10.431612903225806,10.658709677419356,10.885806451612904,11.112903225806452,11.34
6.2,4.5,4.725161290322581,4.950322580645161,5.175483870967742,5.400645161290322,5.625806451612903,5.8509677419354835,6.0761290322580646,6.301290322580645,6.526451612903226,6.751612903225807,6.976774193548387,7.201935483870967,7.427096774193548,7.652258064516129,7.877419354838709,8.10258064516129,8.327741935483871,8.552903225806451,8.778064516129032,9.003225806451614,9.228387096774192,9.453548387096774,9.678709677419354,9.903870967741934,10.129032258064516,10.354193548387096,10.579354838709676,10.804516129032258,11.029677419354837,11.254838709677419,11.479999999999999
6.3,4.7,4.9232258064516135,5.146451612903226,5.369677419354839,5.5929032258064515,5.816129032258065,6.039354838709677,6.26258064516129,6.485806451612904,6.709032258064516,6.9322580645161285,7.155483870967742,7.378709677419355,7.601935483870967,7.825161290322581,8.048387096774194,8.271612903225806,8.494838709677419,8.718064516129033,8.941290322580645,9.164516129032258,9.38774193548387,9.610967741935482,9.834193548387097,10.05741935483871,10.280645161290323,10.503870967741936,10.727096774193548,10.95032258064516,11.173548387096773,11.396774193548387,11.62
6.4,4.7,4.927741935483871,5.155483870967742,5.3832258064516125,5.610967741935484,5.838709677419355,6.066451612903226,6.2941935483870965,6.521935483870967,6.749677419354839,6.97741935483871,7.205161290322581,7.432903225806451,7.660645161290322,7.888387096774194,8.116129032258065,8.343870967741935,8.571612903225805,8.799354838709677,9.027096774193549,9.254838709677419,9.48258064516129,9.710322580645162,9.938064516129032,10.165806451612902,10.393548387096775,10.621290322580645,10.849032258064515,11.076774193548387,11.304516129032258,11.532258064516128,11.76
6.5,4.9,5.125806451612903,5.351612903225806,5.57741935483871,5.803225806451613,6.029032258064516,6.254838709677419,6.480645161290322,6.7064516129032254,6.9322580645161285,7.158064516129032,7.3838709677419345,7.609677419354838,7.8354838709677415,8.061290322580644,8.287096774193548,8.51290322580645,8.738709677419354,8.964516129032258,9.19032258064516,9.416129032258063,9.641935483870967,9.86774193548387,10.093548387096774,10.319354838709677,10.545161290322579,10.770967741935483,10.996774193548386,11.222580645161289,11.448387096774193,11.674193548387095,11.899999999999999
6.6,5.1,5.323870967741935,5.54774193548387,5.771612903225806,5.995483870967742,6.219354838709677,6.443225806451612,6.667096774193547,6.890967741935484,7.114838709677419,7.338709677419354,7.56258064516129,7.786451612903225,8.01032258064516,8.234193548387097,8.458064516129031,8.681935483870967,8.905806451612902,9.129677419354838,9.353548387096772,9.577419354838709,9.801290322580645,10.025161290322579,10.249032258064515,10.472903225806451,10.696774193548386,10.920645161290322,11.144516129032258,11.368387096774192,11.592258064516127,11.816129032258065,12.04
6.7,5.1,5.328387096774193,5.556774193548387,5.785161290322581,6.013548387096774,6.241935483870968,6.470322580645161,6.698709677419354,6.927096774193548,7.155483870967742,7.383870967741935,7.612258064516128,7.840645161290322,8.069032258064516,8.29741935483871,8.525806451612903,8.754193548387097,8.98258064516129,9.210967741935484,9.439354838709678,9.667741935483871,9.896129032258063,10.124516129032259,10.35290322580645,10.581290322580646,10.809677419354838,11.038064516129033,11.266451612903225,11.494838709677419,11.723225806451612,11.951612903225806,12.18
6.8,5.3,5.526451612903226,5.752903225806452,5.9793548387096775,6.2058064516129035,6.4322580645161285,6.658709677419354,6.88516129032258,7.111612903225806,7.338064516129032,7.564516129032258,7.790967741935484,8.01741935483871,8.243870967741936,8.470322580645162,8.696774193548388,8.923225806451613,9.14967741935484,9.376129032258063,9.60258064516129,9.829032258064515,10.055483870967741,10.281935483870967,10.508387096774193,10.734838709677419,10.961290322580645,11.18774193548387,11.414193548387097,11.640645161290323,11.867096774193548,12.093548387096774,12.32
6.9,5.3,5.530967741935483,5.7619354838709675,5.992903225806451,6.223870967741935,6.454838709677419,6.685806451612903,6.916774193548386,7.147741935483871,7.378709677419354,7.609677419354838,7.840645161290322,8.071612903225805,8.302580645161289,8.533548387096774,8.764516129032257,8.99548387096774,9.226451612903226,9.45741935483871,9.688387096774193,9.919354838709676,10.15032258064516,10.381290322580643,10.612258064516128,10.843225806451612,11.074193548387097,11.30516129032258,11.536129032258064,11.767096774193547,11.99806451612903,12.229032258064514,12.459999999999999
7.0,5.5,5.75,6.0,6.225,6.45,6.675000000000001,6.9,7.1375,7.375,7.612500000000001,7.8500000000000005,8.0875,8.325,8.5625,8.8,9.0375,9.275,9.5125,9.75,9.9875,10.225,10.4625,10.7,10.9375,11.175,11.4125,11.649999999999999,11.8875,12.125,12.3625,12.6,12.6
7.1,5.5,5.733225806451613,5.966451612903226,6.199677419354838,6.432903225806451,6.666129032258064,6.8993548387096775,7.1325806451612905,7.365806451612904,7.599032258064517,7.832258064516129,8.065483870967743,8.298709677419355,8.531935483870967,8.765161290322581,8.998387096774193,9.231612903225807,9.46483870967742,9.698064516129033,9.931290322580645,10.164516129032258,10.397741935483872,10.630967741935486,10.864193548387096,11.09741935483871,11.330645161290324,11.563870967741936,11.797096774193548,12.030322580645162,12.263548387096774,12.496774193548386,12.73
7.2,5.7,5.930967741935484,6.161935483870968,6.392903225806451,6.623870967741936,6.854838709677419,7.085806451612903,7.316774193548387,7.547741935483871,7.7787096774193545,8.009677419354839,8.240645161290322,8.471612903225806,8.70258064516129,8.933548387096774,9.164516129032258,9.395483870967741,9.626451612903224,9.857419354838708,10.088387096774193,10.319354838709677,10.550322580645162,10.781290322580645,11.012258064516129,11.243225806451612,11.474193548387095,11.705161290322579,11.936129032258064,12.167096774193547,12.398064516129033,12.629032258064516,12.86
7.3,5.9,6.128709677419355,6.35741935483871,6.586129032258064,6.81483870967742,7.0435483870967746,7.272258064516129,7.500967741935484,7.729677419354839,7.958387096774194,8.187096774193549,8.415806451612903,8.644516129032258,8.873225806451613,9.101935483870967,9.330645161290324,9.559354838709677,9.788064516129033,10.016774193548386,10.245483870967742,10.474193548387097,10.702903225806452,10.931612903225806,11.160322580645161,11.389032258064516,11.61774193548387,11.846451612903227,12.07516129032258,12.303870967741936,12.53258064516129,12.761290322580646,12.99
7.4,7.4,7.5845161290322585,7.769032258064517,7.953548387096775,8.138064516129033,8.32258064516129,8.507096774193549,8.691612903225806,8.876129032258065,9.060645161290322,9.245161290322581,9.429677419354839,9.614193548387096,9.798709677419355,9.983225806451612,10.167741935483871,10.352258064516128,10.536774193548387,10.721290322580645,10.905806451612904,11.09032258064516,11.274838709677418,11.459354838709677,11.643870967741936,11.828387096774193,12.01290322580645,12.19741935483871,12.381935483870967,12.566451612903226,12.750967741935483,12.93548387096774,13.12
7.5,6.2,6.42741935483871,6.65483870967742,6.8822580645161295,7.109677419354838,7.337096774193549,7.564516129032258,7.791935483870968,8.019354838709678,8.246774193548386,8.474193548387097,8.701612903225806,8.929032258064517,9.156451612903226,9.383870967741935,9.611290322580645,9.838709677419356,10.066129032258065,10.293548387096774,10.520967741935484,10.748387096774195,10.975806451612904,11.203225806451613,11.430645161290322,11.658064516129032,11.885483870967743,12.112903225806452,12.34032258064516,12.56774193548387,12.79516129032258,13.022580645161291,13.25
7.6,7.6,7.7864516129032255,7.972903225806451,8.159354838709676,8.345806451612903,8.532258064516128,8.718709677419355,8.90516129032258,9.091612903225807,9.278064516129032,9.464516129032258,9.650967741935483,9.83741935483871,10.023870967741935,10.210322580645162,10.396774193548387,10.583225806451614,10.769677419354839,10.956129032258065,11.14258064516129,11.329032258064517,11.515483870967742,11.701935483870969,11.888387096774194,12.074838709677419,12.261290322580646,12.447741935483872,12.634193548387097,12.820645161290322,13.007096774193549,13.193548387096776,13.38
7.7,6.4,6.629354838709678,6.858709677419355,7.088064516129032,7.31741935483871,7.546774193548387,7.776129032258065,8.005483870967742,8.234838709677419,8.464193548387097,8.693548387096774,8.922903225806452,9.152258064516129,9.381612903225808,9.610967741935484,9.84032258064516,10.06967741935484,10.299032258064516,10.528387096774193,10.757741935483871,10.98709677419355,11.216451612903226,11.445806451612903,11.675161290322581,11.904516129032258,12.133870967741935,12.363225806451613,12.592580645161291,12.821935483870968,13.051290322580645,13.280645161290323,13.51
7.8,6.6,6.827096774193548,7.054193548387096,7.281290322580645,7.508387096774193,7.735483870967742,7.962580645161291,8.189677419354839,8.416774193548386,8.643870967741936,8.870967741935484,9.098064516129032,9.32516129032258,9.55225806451613,9.779354838709677,10.006451612903227,10.233548387096775,10.460645161290323,10.68774193548387,10.914838709677419,11.141935483870968,11.369032258064516,11.596129032258066,11.823225806451614,12.050322580645162,12.27741935483871,12.504516129032258,12.731612903225807,12.958709677419357,13.185806451612905,13.412903225806453,13.64
7.9,6.9,7.121612903225807,7.343225806451613,7.56483870967742,7.786451612903226,8.008064516129032,8.22967741935484,8.451290322580645,8.672903225806452,8.894516129032258,9.116129032258065,9.337741935483871,9.559354838709677,9.780967741935484,10.00258064516129,10.224193548387097,10.445806451612903,10.66741935483871,10.889032258064516,11.110645161290321,11.332258064516129,11.553870967741936,11.775483870967742,11.997096774193547,12.218709677419355,12.440322580645162,12.661935483870968,12.883548387096774,13.105161290322581,13.326774193548387,13.548387096774192,13.77
8.0,6.9,7.1,7.3,7.55,7.800000000000001,8.05,8.3,8.533333333333333,8.766666666666667,9.0,9.233333333333334,9.466666666666667,9.700000000000001,9.933333333333334,10.166666666666668,10.4,10.633333333333333,10.866666666666667,11.100000000000001,11.333333333333334,11.566666666666666,11.8,12.033333333333333,12.266666666666667,12.5,12.733333333333334,12.966666666666667,13.2,13.433333333333334,13.666666666666668,13.9,13.9
8.1,7.1,7.323548387096774,7.547096774193548,7.7706451612903225,7.994193548387097,8.21774193548387,8.441290322580645,8.664838709677419,8.888387096774194,9.111935483870967,9.335483870967742,9.559032258064516,9.782580645161291,10.006129032258064,10.22967741935484,10.453225806451613,10.676774193548388,10.900322580645161,11.123870967741937,11.34741935483871,11.570967741935483,11.794516129032258,12.018064516129034,12.241612903225807,12.46516129032258,12.688709677419356,12.91225806451613,13.135806451612904,13.359354838709677,13.582903225806453,13.806451612903228,14.030000000000001
8.2,7.1,7.32774193548387,7.555483870967741,7.783225806451613,8.010967741935483,8.238709677419354,8.466451612903226,8.694193548387096,8.921935483870968,9.149677419354838,9.37741935483871,9.605161290322581,9.83290322580645,10.060645161290322,10.288387096774194,10.516129032258064,10.743870967741936,10.971612903225806,11.199354838709677,11.427096774193547,11.654838709677419,11.88258064516129,12.11032258064516,12.338064516129032,12.565806451612904,12.793548387096774,13.021290322580645,13.249032258064517,13.476774193548387,13.704516129032257,13.93225806451613,14.16
8.3,7.4,7.62225806451613,7.844516129032258,8.066774193548387,8.289032258064516,8.511290322580646,8.733548387096775,8.955806451612904,9.178064516129032,9.400322580645161,9.62258064516129,9.844838709677418,10.067096774193548,10.289354838709677,10.511612903225807,10.733870967741936,10.956129032258065,11.178387096774193,11.400645161290322,11.622903225806452,11.84516129032258,12.067419354838709,12.289677419354838,12.511935483870968,12.734193548387097,12.956451612903226,13.178709677419356,13.400967741935483,13.623225806451613,13.84548387096774,14.06774193548387,14.29
8.4,7.6,7.819999999999999,8.04,8.26,8.48,8.7,8.92,9.14,9.36,9.58,9.8,10.02,10.24,10.459999999999999,10.68,10.899999999999999,11.12,11.34,11.559999999999999,11.78,12.0,12.219999999999999,12.44,12.66,12.879999999999999,13.1,13.32,13.54,13.76,13.98,14.2,14.42
8.5,7.6,7.824193548387097,8.048387096774194,8.27258064516129,8.496774193548386,8.720967741935484,8.94516129032258,9.169354838709678,9.393548387096775,9.61774193548387,9.841935483870968,10.066129032258065,10.290322580645162,10.514516129032259,10.738709677419354,10.962903225806452,11.187096774193549,11.411290322580646,11.635483870967743,11.859677419354838,12.083870967741936,12.308064516129033,12.53225806451613,12.756451612903227,12.980645161290322,13.204838709677421,13.429032258064517,13.653225806451614,13.877419354838711,14.101612903225806,14.325806451612905,14.55
8.6,7.9,8.118709677419355,8.33741935483871,8.556129032258065,8.77483870967742,8.993548387096775,9.21225806451613,9.430967741935484,9.64967741935484,9.868387096774194,10.087096774193549,10.305806451612904,10.524516129032257,10.743225806451612,10.961935483870967,11.180645161290322,11.399354838709677,11.618064516129031,11.836774193548386,12.055483870967741,12.274193548387096,12.492903225806451,12.711612903225806,12.93032258064516,13.149032258064516,13.36774193548387,13.586451612903225,13.80516129032258,14.023870967741935,14.24258064516129,14.461290322580645,14.68
8.7,7.9,8.122903225806452,8.345806451612903,8.568709677419355,8.791612903225806,9.014516129032259,9.23741935483871,9.460322580645162,9.683225806451613,9.906129032258065,10.129032258064516,10.351935483870967,10.574838709677419,10.79774193548387,11.020645161290322,11.243548387096773,11.466451612903224,11.689354838709676,11.912258064516127,12.13516129032258,12.358064516129032,12.580967741935483,12.803870967741934,13.026774193548386,13.249677419354837,13.47258064516129,13.695483870967742,13.918387096774193,14.141290322580645,14.364193548387096,14.587096774193547,14.809999999999999
8.8,8.1,8.320645161290322,8.541290322580645,8.761935483870968,8.98258064516129,9.203225806451613,9.423870967741935,9.644516129032258,9.86516129032258,10.085806451612903,10.306451612903226,10.527096774193549,10.74774193548387,10.968387096774194,11.189032258064515,11.40967741935484,11.63032258064516,11.850967741935484,12.071612903225805,12.29225806451613,12.51290322580645,12.733548387096775,12.954193548387096,13.17483870967742,13.395483870967741,13.616129032258064,13.836774193548386,14.057419354838709,14.278064516129032,14.498709677419354,14.719354838709677,14.94
8.9,8.1,8.324838709677419,8.549677419354838,8.774516129032257,8.999354838709678,9.224193548387097,9.449032258064516,9.673870967741935,9.898709677419355,10.123548387096774,10.348387096774193,10.573225806451614,10.798064516129031,11.022903225806452,11.247741935483871,11.47258064516129,11.69741935483871,11.922258064516129,12.147096774193548,12.371935483870967,12.596774193548388,12.821612903225805,13.046451612903226,13.271290322580645,13.496129032258064,13.720967741935484,13.945806451612903,14.170645161290324,14.395483870967741,14.620322580645162,14.845161290322581,15.07
9.0,8.1,8.5,8.9,9.175,9.45,9.725,10.0,10.216666666666667,10.433333333333334,10.65,10.866666666666667,11.083333333333334,11.3,11.516666666666666,11.733333333333333,11.95,12.166666666666666,12.383333333333333,12.6,12.816666666666666,13.033333333333333,13.25,13.466666666666667,13.683333333333334,13.899999999999999,14.116666666666667,14.333333333333332,14.55,14.766666666666666,14.983333333333333,15.2,15.2
9.1,8.1,8.333225806451612,8.566451612903226,8.799677419354838,9.032903225806452,9.266129032258064,9.499354838709678,9.73258064516129,9.965806451612902,10.199032258064516,10.432258064516128,10.665483870967742,10.898709677419355,11.131935483870969,11.36516129032258,11.598387096774193,11.831612903225807,12.064838709677419,12.298064516129031,12.531290322580645,12.764516129032259,12.997741935483871,13.230967741935483,13.464193548387097,13.69741935483871,13.930645161290322,14.163870967741936,14.39709677419355,14.630322580645162,14.863548387096774,15.096774193548388,15.33
9.2,8.9,9.111612903225806,9.323225806451614,9.53483870967742,9.746451612903225,9.958064516129033,10.169677419354839,10.381290322580645,10.592903225806452,10.804516129032258,11.016129032258064,11.22774193548387,11.439354838709678,11.650967741935483,11.862580645161291,12.074193548387097,12.285806451612903,12.497419354838708,12.709032258064516,12.920645161290322,13.13225806451613,13.343870967741935,13.555483870967741,13.767096774193547,13.978709677419355,14.19032258064516,14.401935483870968,14.613548387096774,14.82516129032258,15.036774193548386,15.248387096774193,15.459999999999999
9.3,8.9,9.115806451612903,9.331612903225807,9.54741935483871,9.763225806451613,9.979032258064516,10.19483870967742,10.410645161290322,10.626451612903226,10.842258064516129,11.058064516129033,11.273870967741935,11.48967741935484,11.705483870967742,11.921290322580646,12.137096774193548,12.352903225806452,12.568709677419355,12.784516129032259,13.000322580645161,13.216129032258063,13.431935483870967,13.647741935483872,13.863548387096774,14.079354838709676,14.29516129032258,14.510967741935485,14.726774193548387,14.94258064516129,15.158387096774193,15.374193548387098,15.59
9.4,9.2,9.410322580645161,9.620645161290321,9.830967741935483,10.041290322580645,10.251612903225805,10.461935483870967,10.672258064516129,10.882580645161289,11.09290322580645,11.303225806451612,11.513548387096773,11.723870967741934,11.934193548387096,12.144516129032258,12.354838709677418,12.56516129032258,12.77548387096774,12.985806451612902,13.196129032258064,13.406451612903226,13.616774193548386,13.827096774193548,14.037419354838708,14.24774193548387,14.458064516129031,14.668387096774193,14.878709677419353,15.089032258064515,15.299354838709675,15.509677419354837,15.719999999999999
9.5,9.2,9.414516129032258,9.629032258064516,9.843548387096774,10.058064516129031,10.27258064516129,10.487096774193548,10.701612903225806,10.916129032258064,11.130645161290323,11.34516129032258,11.559677419354838,11.774193548387096,11.988709677419354,12.203225806451613,12.417741935483871,12.63225806451613,12.846774193548386,13.061290322580644,13.275806451612903,13.490322580645161,13.704838709677418,13.919354838709676,14.133870967741935,14.348387096774193,14.562903225806451,14.77741935483871,14.991935483870968,15.206451612903226,15.420967741935485,15.635483870967743,15.85
9.6,9.5,9.709032258064516,9.918064516129032,10.127096774193548,10.336129032258064,10.54516129032258,10.754193548387097,10.963225806451613,11.172258064516129,11.381290322580645,11.59032258064516,11.799354838709677,12.008387096774193,12.21741935483871,12.426451612903225,12.635483870967743,12.844516129032257,13.053548387096775,13.26258064516129,13.471612903225807,13.680645161290322,13.88967741935484,14.098709677419354,14.307741935483872,14.516774193548388,14.725806451612904,14.93483870967742,15.143870967741936,15.352903225806452,15.561935483870968,15.770967741935484,15.98
9.7,9.8,10.003548387096775,10.207096774193548,10.410645161290324,10.614193548387098,10.817741935483872,11.021290322580645,11.22483870967742,11.428387096774195,11.631935483870969,11.835483870967742,12.039032258064516,12.24258064516129,12.446129032258064,12.649677419354838,12.853225806451613,13.056774193548387,13.26032258064516,13.463870967741936,13.66741935483871,13.870967741935484,14.074516129032258,14.278064516129032,14.481612903225805,14.68516129032258,14.888709677419353,15.092258064516129,15.295806451612902,15.499354838709676,15.702903225806452,15.906451612903226,16.11
9.8,9.8,10.007741935483871,10.215483870967743,10.423225806451613,10.630967741935484,10.838709677419356,11.046451612903226,11.254193548387097,11.461935483870969,11.669677419354839,11.87741935483871,12.085161290322581,12.292903225806452,12.500645161290322,12.708387096774192,12.916129032258064,13.123870967741935,13.331612903225807,13.539354838709677,13.747096774193547,13.954838709677418,14.16258064516129,14.37032258064516,14.578064516129032,14.785806451612903,14.993548387096773,15.201290322580643,15.409032258064515,15.616774193548386,15.824516129032258,16.032258064516128,16.24
9.9,10.0,10.205483870967742,10.410967741935483,10.616451612903226,10.821935483870968,11.02741935483871,11.232903225806451,11.438387096774193,11.643870967741936,11.849354838709678,12.05483870967742,12.260322580645163,12.465806451612902,12.671290322580646,12.876774193548387,13.082258064516129,13.287741935483872,13.493225806451614,13.698709677419355,13.904193548387097,14.109677419354838,14.315161290322582,14.520645161290323,14.726129032258065,14.931612903225806,15.137096774193548,15.342580645161291,15.548064516129033,15.753548387096775,15.959032258064518,16.164516129032258,16.37
10.0,10.0,10.25,10.5,10.725,10.95,11.175,11.4,11.6125,11.825000000000001,12.0375,12.25,12.4625,12.675,12.887500000000001,13.1,13.3125,13.525,13.7375,13.95,14.1625,14.375,14.5875,14.8,15.0125,15.225,15.4375,15.65,15.8625,16.075,16.2875,16.5,16.5
10.1,10.1,10.311290322580644,10.52258064516129,10.733870967741936,10.94516129032258,11.156451612903226,11.36774193548387,11.579032258064515,11.79032258064516,12.001612903225805,12.21290322580645,12.424193548387096,12.635483870967741,12.846774193548386,13.058064516129031,13.269354838709676,13.480645161290322,13.691935483870967,13.903225806451612,14.114516129032257,14.325806451612902,14.537096774193547,14.748387096774191,14.959677419354836,15.170967741935483,15.382258064516128,15.593548387096773,15.804838709677417,16.016129032258064,16.22741935483871,16.438709677419354,16.65
10.2,10.1,10.316129032258065,10.532258064516128,10.748387096774193,10.964516129032258,11.180645161290322,11.396774193548387,11.612903225806452,11.829032258064515,12.04516129032258,12.261290322580646,12.477419354838709,12.693548387096774,12.90967741935484,13.125806451612902,13.341935483870968,13.558064516129033,13.774193548387096,13.990322580645161,14.206451612903226,14.42258064516129,14.638709677419355,14.85483870967742,15.070967741935483,15.287096774193548,15.503225806451614,15.719354838709677,15.935483870967742,16.151612903225807,16.36774193548387,16.583870967741937,16.8
10.3,10.3,10.514516129032259,10.729032258064517,10.943548387096774,11.158064516129032,11.37258064516129,11.587096774193549,11.801612903225807,12.016129032258064,12.230645161290322,12.44516129032258,12.65967741935484,12.874193548387098,13.088709677419356,13.303225806451614,13.51774193548387,13.73225806451613,13.946774193548388,14.161290322580644,14.375806451612902,14.59032258064516,14.80483870967742,15.019354838709678,15.233870967741936,15.448387096774194,15.662903225806453,15.87741935483871,16.09193548387097,16.306451612903224,16.520967741935483,16.73548387096774,16.95
10.4,10.4,10.616129032258065,10.832258064516129,11.048387096774194,11.264516129032259,11.480645161290322,11.696774193548388,11.912903225806453,12.129032258064516,12.345161290322581,12.561290322580646,12.77741935483871,12.993548387096775,13.20967741935484,13.425806451612903,13.641935483870968,13.858064516129033,14.074193548387097,14.290322580645162,14.506451612903227,14.72258064516129,14.938709677419356,15.15483870967742,15.370967741935484,15.587096774193549,15.803225806451614,16.019354838709678,16.23548387096774,16.451612903225808,16.66774193548387,16.883870967741935,17.1
10.5,10.5,10.71774193548387,10.935483870967742,11.153225806451612,11.370967741935484,11.588709677419354,11.806451612903226,12.024193548387096,12.241935483870968,12.459677419354838,12.67741935483871,12.89516129032258,13.112903225806452,13.330645161290322,13.548387096774194,13.766129032258064,13.983870967741936,14.201612903225806,14.419354838709678,14.637096774193548,14.85483870967742,15.07258064516129,15.29032258064516,15.508064516129032,15.725806451612904,15.943548387096774,16.161290322580644,16.379032258064516,16.596774193548388,16.814516129032256,17.032258064516128,17.25
10.6,10.5,10.72258064516129,10.94516129032258,11.167741935483871,11.390322580645162,11.612903225806452,11.835483870967742,12.058064516129033,12.280645161290323,12.503225806451614,12.725806451612904,12.948387096774193,13.170967741935483,13.393548387096773,13.616129032258064,13.838709677419354,14.061290322580644,14.283870967741935,14.506451612903225,14.729032258064516,14.951612903225806,15.174193548387095,15.396774193548385,15.619354838709675,15.841935483870966,16.064516129032256,16.287096774193547,16.509677419354837,16.732258064516127,16.954838709677418,17.177419354838708,17.4
10.7,10.7,10.920967741935483,11.141935483870967,11.362903225806452,11.583870967741936,11.80483870967742,12.025806451612903,12.246774193548386,12.46774193548387,12.688709677419354,12.90967741935484,13.130645161290323,13.351612903225806,13.57258064516129,13.793548387096774,14.014516129032257,14.235483870967741,14.456451612903226,14.67741935483871,14.898387096774194,15.119354838709677,15.34032258064516,15.561290322580646,15.782258064516128,16.003225806451614,16.2241935483871,16.44516129032258,16.666129032258063,16.887096774193548,17.108064516129033,17.329032258064515,17.55
10.8,10.9,11.119354838709677,11.338709677419356,11.558064516129033,11.77741935483871,11.996774193548386,12.216129032258065,12.435483870967742,12.654838709677419,12.874193548387098,13.093548387096774,13.312903225806451,13.532258064516128,13.751612903225807,13.970967741935484,14.190322580645162,14.40967741935484,14.629032258064516,14.848387096774193,15.06774193548387,15.287096774193548,15.506451612903225,15.725806451612904,15.94516129032258,16.164516129032258,16.383870967741935,16.60322580645161,16.82258064516129,17.04193548387097,17.261290322580646,17.480645161290322,17.7
10.9,19.0,18.962903225806453,18.925806451612903,18.888709677419357,18.851612903225806,18.81451612903226,18.77741935483871,18.740322580645163,18.703225806451613,18.666129032258066,18.629032258064516,18.59193548387097,18.55483870967742,18.517741935483873,18.480645161290322,18.443548387096776,18.406451612903226,18.36935483870968,18.33225806451613,18.295161290322582,18.258064516129032,18.220967741935485,18.183870967741935,18.14677419354839,18.10967741935484,18.072580645161292,18.03548387096774,17.998387096774195,17.961290322580645,17.924193548387098,17.88709677419355,17.85
11.0,11.0,11.25,11.5,11.725,11.95,12.175,12.4,12.633333333333333,12.866666666666667,13.1,13.333333333333334,13.566666666666666,13.8,14.033333333333333,14.266666666666667,14.5,14.733333333333334,14.966666666666667,15.2,15.433333333333334,15.666666666666666,15.9,16.133333333333333,16.366666666666667,16.6,16.833333333333332,17.066666666666666,17.3,17.53333333333333,17.766666666666666,18.0,18.0
11.1,11.1,11.327419354838709,11.55483870967742,11.782258064516128,12.009677419354839,12.237096774193548,12.464516129032258,12.691935483870967,12.919354838709676,13.146774193548387,13.374193548387096,13.601612903225806,13.829032258064515,14.056451612903224,14.283870967741935,14.511290322580644,14.738709677419354,14.966129032258063,15.193548387096772,15.420967741935483,15.648387096774194,15.875806451612902,16.10322580645161,16.33064516129032,16.55806451612903,16.78548387096774,17.01290322580645,17.24032258064516,17.467741935483872,17.69516129032258,17.92258064516129,18.15
11.2,11.2,11.429032258064515,11.658064516129032,11.887096774193548,12.116129032258064,12.34516129032258,12.574193548387097,12.803225806451612,13.032258064516128,13.261290322580646,13.490322580645161,13.719354838709677,13.948387096774194,14.17741935483871,14.406451612903226,14.635483870967743,14.864516129032259,15.093548387096774,15.322580645161292,15.551612903225806,15.780645161290323,16.009677419354837,16.238709677419354,16.467741935483872,16.696774193548386,16.925806451612903,17.15483870967742,17.383870967741935,17.612903225806452,17.84193548387097,18.070967741935483,18.3
11.3,11.3,11.530645161290323,11.761290322580646,11.991935483870968,12.22258064516129,12.453225806451613,12.683870967741935,12.914516129032258,13.14516129032258,13.375806451612902,13.606451612903225,13.837096774193549,14.067741935483872,14.298387096774194,14.529032258064516,14.759677419354839,14.990322580645161,15.220967741935484,15.451612903225806,15.682258064516128,15.912903225806451,16.143548387096775,16.374193548387098,16.60483870967742,16.835483870967742,17.066129032258065,17.296774193548387,17.52741935483871,17.758064516129032,17.988709677419354,18.219354838709677,18.45
11.4,11.3,11.535483870967743,11.770967741935484,12.006451612903227,12.241935483870968,12.47741935483871,12.712903225806453,12.948387096774194,13.183870967741937,13.419354838709678,13.65483870967742,13.890322580645162,14.125806451612904,14.361290322580647,14.596774193548388,14.83225806451613,15.067741935483872,15.303225806451614,15.538709677419355,15.774193548387098,16.00967741935484,16.24516129032258,16.480645161290322,16.716129032258067,16.951612903225808,17.18709677419355,17.42258064516129,17.658064516129034,17.893548387096775,18.12903225806452,18.36451612903226,18.6
11.5,11.5,11.733870967741936,11.96774193548387,12.201612903225806,12.435483870967742,12.669354838709678,12.903225806451612,13.137096774193548,13.370967741935484,13.60483870967742,13.838709677419354,14.07258064516129,14.306451612903226,14.54032258064516,14.774193548387096,15.008064516129032,15.241935483870968,15.475806451612904,15.709677419354838,15.943548387096774,16.177419354838708,16.411290322580644,16.64516129032258,16.879032258064516,17.112903225806452,17.346774193548388,17.58064516129032,17.814516129032256,18.048387096774192,18.282258064516128,18.516129032258064,18.75
11.6,11.6,11.835483870967742,12.070967741935483,12.306451612903226,12.541935483870967,12.77741935483871,13.01290322580645,13.248387096774193,13.483870967741934,13.719354838709677,13.954838709677418,14.19032258064516,14.425806451612903,14.661290322580644,14.896774193548387,15.132258064516128,15.36774193548387,15.603225806451611,15.838709677419354,16.074193548387097,16.309677419354838,16.54516129032258,16.780645161290323,17.016129032258064,17.251612903225805,17.487096774193546,17.722580645161287,17.95806451612903,18.193548387096772,18.429032258064517,18.664516129032258,18.9
11.7,11.6,11.84032258064516,12.080645161290322,12.320967741935483,12.561290322580644,12.801612903225806,13.041935483870967,13.282258064516128,13.522580645161291,13.76290322580645,14.003225806451614,14.243548387096775,14.483870967741936,14.724193548387097,14.964516129032258,15.20483870967742,15.44516129032258,15.685483870967742,15.925806451612903,16.166129032258063,16.406451612903226,16.64677419354839,16.887096774193548,17.12741935483871,17.36774193548387,17.608064516129033,17.848387096774193,18.088709677419356,18.329032258064515,18.56935483870968,18.80967741935484,19.05
11.8,11.8,12.038709677419355,12.27741935483871,12.516129032258066,12.75483870967742,12.993548387096775,13.23225806451613,13.470967741935484,13.70967741935484,13.948387096774194,14.187096774193549,14.425806451612903,14.664516129032258,14.903225806451612,15.141935483870967,15.380645161290323,15.619354838709677,15.858064516129032,16.096774193548388,16.335483870967742,16.574193548387097,16.81290322580645,17.051612903225806,17.29032258064516,17.529032258064515,17.76774193548387,18.006451612903227,18.245161290322578,18.483870967741936,18.72258064516129,18.961290322580645,19.2
11.9,11.8,12.043548387096775,12.287096774193548,12.530645161290323,12.774193548387098,13.017741935483873,13.261290322580646,13.50483870967742,13.748387096774195,13.991935483870968,14.235483870967743,14.479032258064517,14.72258064516129,14.966129032258065,15.20967741935484,15.453225806451613,15.696774193548388,15.940322580645162,16.183870967741935,16.42741935483871,16.670967741935485,16.914516129032258,17.158064516129034,17.401612903225807,17.645161290322584,17.888709677419357,18.13225806451613,18.375806451612902,18.61935483870968,18.862903225806452,19.10645161290323,19.35
12.0,11.9,12.15,12.4,12.65,12.9,13.15,13.4,13.654166666666667,13.908333333333333,14.1625,14.416666666666668,14.670833333333334,14.925,15.179166666666667,15.433333333333334,15.6875,15.941666666666666,16.195833333333333,16.45,16.704166666666666,16.958333333333332,17.2125,17.46666666666667,17.72083333333333,17.975,18.229166666666668,18.483333333333334,18.7375,18.991666666666667,19.245833333333334,19.5,19.5
12.1,12.1,12.343548387096774,12.587096774193547,12.830645161290322,13.074193548387097,13.31774193548387,13.561290322580644,13.80483870967742,14.048387096774192,14.291935483870967,14.535483870967742,14.779032258064515,15.02258064516129,15.266129032258064,15.509677419354837,15.753225806451612,15.996774193548386,16.24032258064516,16.483870967741936,16.72741935483871,16.970967741935482,17.214516129032255,17.45806451612903,17.701612903225804,17.94516129032258,18.188709677419354,18.432258064516127,18.6758064516129,18.919354838709676,19.16290322580645,19.406451612903226,19.65
12.2,12.1,12.348387096774193,12.596774193548386,12.845161290322581,13.093548387096774,13.341935483870968,13.59032258064516,13.838709677419354,14.087096774193547,14.335483870967742,14.583870967741936,14.832258064516129,15.080645161290322,15.329032258064515,15.57741935483871,15.825806451612904,16.074193548387097,16.32258064516129,16.570967741935483,16.81935483870968,17.067741935483873,17.316129032258065,17.564516129032256,17.81290322580645,18.061290322580646,18.309677419354838,18.558064516129033,18.806451612903224,19.05483870967742,19.303225806451614,19.551612903225806,19.8
12.3,12.2,12.45,12.7,12.95,13.2,13.45,13.7,13.95,14.2,14.45,14.7,14.95,15.2,15.45,15.7,15.95,16.2,16.45,16.7,16.95,17.2,17.45,17.7,17.95,18.2,18.45,18.7,18.95,19.2,19.45,19.7,19.95
12.4,12.4,12.648387096774194,12.896774193548387,13.145161290322582,13.393548387096775,13.641935483870968,13.890322580645162,14.138709677419355,14.387096774193548,14.635483870967743,14.883870967741936,15.13225806451613,15.380645161290323,15.629032258064516,15.877419354838711,16.125806451612902,16.374193548387098,16.622580645161293,16.870967741935484,17.11935483870968,17.36774193548387,17.616129032258065,17.86451612903226,18.112903225806452,18.361290322580647,18.60967741935484,18.858064516129033,19.10645161290323,19.35483870967742,19.603225806451615,19.851612903225806,20.1
12.5,12.3,12.556451612903226,12.812903225806453,13.069354838709678,13.325806451612904,13.582258064516129,13.838709677419356,14.095161290322581,14.351612903225806,14.608064516129033,14.864516129032259,15.120967741935484,15.377419354838711,15.633870967741936,15.890322580645162,16.14677419354839,16.403225806451612,16.65967741935484,16.916129032258063,17.17258064516129,17.429032258064517,17.685483870967744,17.941935483870967,18.198387096774194,18.454838709677418,18.711290322580645,18.967741935483872,19.224193548387095,19.480645161290322,19.737096774193546,19.993548387096773,20.25
12.6,12.5,12.754838709677419,13.009677419354839,13.264516129032257,13.519354838709678,13.774193548387096,14.029032258064516,14.283870967741935,14.538709677419355,14.793548387096774,15.048387096774192,15.303225806451612,15.558064516129031,15.812903225806451,16.06774193548387,16.32258064516129,16.57741935483871,16.83225806451613,17.087096774193547,17.341935483870966,17.596774193548384,17.851612903225806,18.106451612903225,18.361290322580643,18.616129032258062,18.87096774193548,19.125806451612902,19.38064516129032,19.63548387096774,19.890322580645158,20.145161290322577,20.4
12.7,12.5,12.759677419354839,13.019354838709678,13.279032258064516,13.538709677419355,13.798387096774194,14.058064516129033,14.317741935483872,14.57741935483871,14.837096774193549,15.096774193548388,15.356451612903227,15.616129032258065,15.875806451612902,16.135483870967743,16.39516129032258,16.65483870967742,16.914516129032258,17.174193548387098,17.433870967741935,17.693548387096776,17.953225806451613,18.212903225806453,18.47258064516129,18.73225806451613,18.991935483870968,19.251612903225805,19.511290322580646,19.770967741935486,20.030645161290323,20.29032258064516,20.55
12.8,12.6,12.861290322580645,13.12258064516129,13.383870967741935,13.64516129032258,13.906451612903226,14.167741935483871,14.429032258064517,14.69032258064516,14.951612903225806,15.212903225806452,15.474193548387095,15.735483870967741,15.996774193548386,16.258064516129032,16.519354838709678,16.780645161290323,17.04193548387097,17.303225806451614,17.564516129032256,17.825806451612902,18.087096774193547,18.348387096774193,18.60967741935484,18.870967741935484,19.13225806451613,19.393548387096775,19.65483870967742,19.916129032258063,20.177419354838708,20.438709677419354,20.7
12.9,12.8,13.05967741935484,13.319354838709678,13.579032258064517,13.838709677419356,14.098387096774195,14.358064516129033,14.617741935483872,14.877419354838711,15.13709677419355,15.396774193548389,15.656451612903227,15.916129032258066,16.175806451612903,16.435483870967744,16.69516129032258,16.95483870967742,17.21451612903226,17.4741935483871,17.733870967741936,17.993548387096777,18.253225806451614,18.512903225806454,18.77258064516129,19.032258064516128,19.29193548387097,19.55161290322581,19.811290322580646,20.070967741935483,20.330645161290324,20.590322580645164,20.85
13.0,12.8,13.05,13.3,13.575000000000001,13.850000000000001,14.125,14.4,14.675,14.950000000000001,15.225,15.5,15.775,16.05,16.325,16.6,16.875,17.15,17.425,17.7,17.975,18.25,18.525,18.8,19.075,19.35,19.625,19.9,20.175,20.45,20.725,21.0,21.0
13.1,12.9,13.166129032258064,13.432258064516128,13.698387096774194,13.964516129032258,14.230645161290322,14.496774193548386,14.76290322580645,15.029032258064516,15.29516129032258,15.561290322580644,15.82741935483871,16.093548387096774,16.35967741935484,16.625806451612902,16.891935483870967,17.15806451612903,17.424193548387095,17.69032258064516,17.956451612903223,18.22258064516129,18.488709677419354,18.75483870967742,19.020967741935483,19.287096774193547,19.55322580645161,19.819354838709675,20.085483870967742,20.351612903225806,20.61774193548387,20.883870967741935,21.15
13.2,12.9,13.170967741935485,13.441935483870967,13.712903225806452,13.983870967741936,14.25483870967742,14.525806451612905,14.796774193548387,15.067741935483872,15.338709677419356,15.609677419354838,15.880645161290323,16.151612903225807,16.42258064516129,16.693548387096776,16.96451612903226,17.23548387096774,17.506451612903227,17.77741935483871,18.048387096774192,18.31935483870968,18.590322580645164,18.861290322580647,19.13225806451613,19.403225806451616,19.674193548387098,19.94516129032258,20.216129032258067,20.48709677419355,20.758064516129032,21.029032258064518,21.3
13.3,13.1,13.369354838709677,13.638709677419355,13.908064516129032,14.17741935483871,14.446774193548386,14.716129032258063,14.985483870967741,15.254838709677419,15.524193548387096,15.793548387096774,16.06290322580645,16.33225806451613,16.601612903225806,16.870967741935484,17.14032258064516,17.40967741935484,17.679032258064517,17.948387096774194,18.217741935483872,18.487096774193546,18.756451612903227,19.0258064516129,19.295161290322582,19.564516129032256,19.833870967741934,20.10322580645161,20.37258064516129,20.641935483870967,20.911290322580644,21.18064516129032,21.45
13.4,13.2,13.470967741935484,13.741935483870968,14.01290322580645,14.283870967741935,14.55483870967742,14.825806451612904,15.096774193548388,15.36774193548387,15.638709677419355,15.90967741935484,16.18064516129032,16.451612903225808,16.72258064516129,16.993548387096773,17.26451612903226,17.53548387096774,17.806451612903228,18.07741935483871,18.348387096774196,18.61935483870968,18.89032258064516,19.161290322580648,19.43225806451613,19.703225806451613,19.9741935483871,20.24516129032258,20.516129032258064,20.78709677419355,21.058064516129033,21.329032258064515,21.6
13.5,13.2,13.475806451612902,13.751612903225805,14.02741935483871,14.303225806451612,14.579032258064515,14.854838709677418,15.130645161290321,15.406451612903226,15.682258064516128,15.958064516129031,16.233870967741936,16.509677419354837,16.78548387096774,17.061290322580646,17.337096774193547,17.612903225806452,17.888709677419353,18.164516129032258,18.44032258064516,18.716129032258063,18.991935483870968,19.26774193548387,19.543548387096774,19.81935483870968,20.09516129032258,20.370967741935484,20.64677419354839,20.92258064516129,21.198387096774194,21.4741935483871,21.75
13.6,13.4,13.674193548387096,13.948387096774194,14.22258064516129,14.496774193548386,14.770967741935484,15.04516129032258,15.319354838709677,15.593548387096774,15.86774193548387,16.141935483870967,16.416129032258063,16.69032258064516,16.96451612903226,17.238709677419354,17.51290322580645,17.787096774193547,18.061290322580646,18.335483870967742,18.60967741935484,18.883870967741935,19.15806451612903,19.432258064516127,19.706451612903223,19.98064516129032,20.25483870967742,20.529032258064515,20.80322580645161,21.077419354838707,21.351612903225806,21.625806451612902,21.9
13.7,13.5,13.775806451612903,14.051612903225806,14.32741935483871,14.603225806451613,14.879032258064516,15.154838709677419,15.430645161290322,15.706451612903226,15.98225806451613,16.258064516129032,16.533870967741937,16.809677419354838,17.085483870967742,17.361290322580643,17.637096774193548,17.912903225806453,18.188709677419354,18.46451612903226,18.740322580645163,19.016129032258064,19.29193548387097,19.567741935483873,19.843548387096774,20.119354838709675,20.39516129032258,20.670967741935485,20.946774193548386,21.22258064516129,21.498387096774195,21.774193548387096,22.05
13.8,13.5,13.780645161290323,14.061290322580644,14.341935483870968,14.62258064516129,14.903225806451612,15.183870967741935,15.464516129032258,15.745161290322581,16.025806451612905,16.306451612903224,16.587096774193547,16.86774193548387,17.148387096774194,17.429032258064517,17.70967741935484,17.990322580645163,18.270967741935483,18.551612903225806,18.83225806451613,19.112903225806452,19.393548387096775,19.674193548387095,19.954838709677418,20.23548387096774,20.516129032258064,20.796774193548387,21.07741935483871,21.358064516129033,21.638709677419357,21.91935483870968,22.2
13.9,13.7,13.979032258064516,14.258064516129032,14.537096774193548,14.816129032258065,15.09516129032258,15.374193548387098,15.653225806451612,15.932258064516128,16.211290322580645,16.490322580645163,16.769354838709678,17.048387096774192,17.32741935483871,17.606451612903225,17.885483870967743,18.164516129032258,18.443548387096776,18.72258064516129,19.001612903225805,19.280645161290323,19.55967741935484,19.838709677419356,20.11774193548387,20.39677419354839,20.675806451612903,20.95483870967742,21.233870967741936,21.512903225806454,21.79193548387097,22.070967741935483,22.35
14.0,13.7,14.0,14.3,14.625,14.95,15.275,15.6,15.8875,16.175,16.4625,16.75,17.0375,17.325,17.6125,17.9,18.1875,18.475,18.7625,19.05,19.3375,19.625,19.9125,20.2,20.4875,20.775,21.0625,21.35,21.6375,21.925,22.2125,22.5,22.5
14.1,13.8,14.086451612903227,14.372903225806452,14.659354838709678,14.945806451612905,15.23225806451613,15.518709677419356,15.80516129032258,16.09161290322581,16.378064516129033,16.664516129032258,16.950967741935486,17.23741935483871,17.523870967741935,17.810322580645163,18.096774193548388,18.383225806451613,18.66967741935484,18.956129032258065,19.24258064516129,19.529032258064518,19.815483870967743,20.101935483870967,20.388387096774196,20.67483870967742,20.961290322580645,21.247741935483873,21.534193548387098,21.820645161290322,22.10709677419355,22.393548387096775,22.68
14.2,14.0,14.285806451612903,14.571612903225807,14.85741935483871,15.143225806451612,15.429032258064517,15.71483870967742,16.000645161290322,16.286451612903225,16.572258064516127,16.858064516129033,17.143870967741936,17.42967741935484,17.71548387096774,18.001290322580644,18.287096774193547,18.57290322580645,18.858709677419355,19.144516129032258,19.43032258064516,19.716129032258063,20.001935483870966,20.287741935483872,20.57354838709677,20.859354838709677,21.14516129032258,21.430967741935483,21.716774193548385,22.002580645161288,22.288387096774194,22.574193548387093,22.86
14.3,14.0,14.291612903225806,14.583225806451614,14.87483870967742,15.166451612903225,15.458064516129031,15.749677419354839,16.041290322580643,16.33290322580645,16.62451612903226,16.916129032258063,17.20774193548387,17.499354838709678,17.790967741935482,18.08258064516129,18.374193548387098,18.6658064516129,18.95741935483871,19.249032258064517,19.54064516129032,19.83225806451613,20.123870967741937,20.41548387096774,20.70709677419355,20.998709677419356,21.29032258064516,21.581935483870968,21.873548387096772,22.16516129032258,22.456774193548384,22.74838709677419,23.04
14.4,14.1,14.394193548387097,14.688387096774193,14.98258064516129,15.276774193548388,15.570967741935483,15.86516129032258,16.159354838709678,16.453548387096774,16.74774193548387,17.04193548387097,17.336129032258064,17.63032258064516,17.924516129032256,18.218709677419355,18.51290322580645,18.807096774193546,19.101290322580645,19.39548387096774,19.689677419354837,19.983870967741936,20.27806451612903,20.572258064516127,20.866451612903226,21.160645161290322,21.454838709677418,21.749032258064517,22.043225806451613,22.33741935483871,22.631612903225808,22.925806451612903,23.22
14.5,14.1,14.4,14.7,15.0,15.299999999999999,15.6,15.899999999999999,16.2,16.5,16.8,17.1,17.4,17.7,18.0,18.3,18.6,18.9,19.2,19.5,19.8,20.1,20.4,20.7,21.0,21.299999999999997,21.6,21.9,22.2,22.5,22.799999999999997,23.1,23.4
14.6,14.3,14.599354838709678,14.898709677419356,15.198064516129033,15.49741935483871,15.796774193548387,16.096129032258066,16.395483870967745,16.69483870967742,16.9941935483871,17.293548387096774,17.592903225806452,17.89225806451613,18.191612903225806,18.490967741935485,18.79032258064516,19.08967741935484,19.389032258064518,19.688387096774193,19.98774193548387,20.28709677419355,20.586451612903225,20.885806451612904,21.185161290322583,21.484516129032258,21.783870967741937,22.083225806451615,22.38258064516129,22.68193548387097,22.981290322580648,23.280645161290323,23.580000000000002
14.7,14.4,14.701935483870969,15.003870967741936,15.305806451612904,15.607741935483872,15.90967741935484,16.211612903225806,16.513548387096776,16.815483870967743,17.11741935483871,17.41935483870968,17.721290322580646,18.023225806451613,18.325161290322583,18.62709677419355,18.929032258064517,19.230967741935487,19.532903225806454,19.83483870967742,20.13677419354839,20.438709677419357,20.740645161290324,21.042580645161294,21.34451612903226,21.646451612903228,21.948387096774194,22.25032258064516,22.55225806451613,22.8541935483871,23.156129032258065,23.458064516129035,23.76
14.8,14.4,14.707741935483872,15.015483870967742,15.323225806451614,15.630967741935484,15.938709677419356,16.246451612903225,16.554193548387097,16.86193548387097,17.16967741935484,17.47741935483871,17.78516129032258,18.092903225806452,18.400645161290324,18.708387096774196,19.016129032258064,19.323870967741936,19.631612903225808,19.93935483870968,20.24709677419355,20.55483870967742,20.86258064516129,21.170322580645163,21.478064516129034,21.785806451612906,22.093548387096774,22.401290322580646,22.709032258064518,23.01677419354839,23.32451612903226,23.63225806451613,23.94
14.9,14.6,14.907096774193548,15.214193548387097,15.521290322580645,15.828387096774193,16.135483870967743,16.44258064516129,16.74967741935484,17.056774193548385,17.363870967741935,17.670967741935485,17.97806451612903,18.28516129032258,18.59225806451613,18.899354838709677,19.206451612903226,19.513548387096776,19.820645161290322,20.127741935483872,20.43483870967742,20.741935483870968,21.049032258064514,21.356129032258064,21.663225806451614,21.97032258064516,22.27741935483871,22.58451612903226,22.891612903225806,23.198709677419355,23.505806451612905,23.81290322580645,24.12
15.0,14.7,15.05,15.4,15.700000000000001,16.0,16.3,16.6,16.920833333333334,17.241666666666667,17.5625,17.883333333333333,18.20416666666667,18.525000000000002,18.845833333333335,19.166666666666668,19.4875,19.808333333333334,20.129166666666666,20.450000000000003,20.770833333333336,21.09166666666667,21.4125,21.733333333333334,22.054166666666667,22.375,22.695833333333333,23.016666666666666,23.3375,23.658333333333335,23.979166666666668,24.3,24.3
15.1,14.9,15.208064516129033,15.516129032258064,15.824193548387097,16.13225806451613,16.440322580645162,16.748387096774195,17.056451612903224,17.364516129032257,17.67258064516129,17.980645161290322,18.288709677419355,18.596774193548388,18.90483870967742,19.21290322580645,19.520967741935486,19.829032258064515,20.137096774193548,20.44516129032258,20.753225806451614,21.061290322580646,21.369354838709675,21.67741935483871,21.98548387096774,22.293548387096774,22.601612903225806,22.90967741935484,23.217741935483872,23.5258064516129,23.833870967741937,24.141935483870967,24.45
15.2,14.9,15.212903225806452,15.525806451612903,15.838709677419356,16.151612903225807,16.46451612903226,16.77741935483871,17.09032258064516,17.403225806451612,17.716129032258067,18.029032258064518,18.34193548387097,18.65483870967742,18.967741935483872,19.280645161290323,19.593548387096774,19.906451612903226,20.219354838709677,20.532258064516128,20.84516129032258,21.158064516129034,21.470967741935485,21.783870967741937,22.096774193548388,22.40967741935484,22.72258064516129,23.035483870967745,23.348387096774196,23.661290322580648,23.9741935483871,24.28709677419355,24.6
15.3,14.9,15.217741935483872,15.535483870967742,15.853225806451613,16.170967741935485,16.488709677419354,16.806451612903228,17.124193548387098,17.441935483870967,17.75967741935484,18.07741935483871,18.39516129032258,18.712903225806453,19.030645161290323,19.348387096774193,19.666129032258066,19.983870967741936,20.301612903225806,20.61935483870968,20.93709677419355,21.254838709677422,21.572580645161292,21.89032258064516,22.208064516129035,22.525806451612905,22.843548387096774,23.161290322580648,23.479032258064517,23.796774193548387,24.11451612903226,24.43225806451613,24.75
15.4,15.0,15.319354838709678,15.638709677419355,15.958064516129033,16.27741935483871,16.596774193548388,16.916129032258066,17.23548387096774,17.55483870967742,17.874193548387098,18.193548387096776,18.512903225806454,18.83225806451613,19.151612903225807,19.470967741935485,19.790322580645164,20.10967741935484,20.429032258064517,20.748387096774195,21.067741935483873,21.38709677419355,21.70645161290323,22.025806451612905,22.345161290322583,22.66451612903226,22.983870967741936,23.303225806451614,23.622580645161293,23.94193548387097,24.26129032258065,24.580645161290327,24.900000000000002
15.5,15.2,15.51774193548387,15.83548387096774,16.153225806451612,16.470967741935482,16.788709677419355,17.106451612903225,17.424193548387095,17.741935483870968,18.059677419354838,18.37741935483871,18.69516129032258,19.01290322580645,19.330645161290324,19.648387096774194,19.966129032258067,20.283870967741937,20.601612903225806,20.91935483870968,21.23709677419355,21.55483870967742,21.872580645161293,22.190322580645162,22.508064516129032,22.825806451612905,23.143548387096775,23.461290322580645,23.779032258064518,24.096774193548388,24.414516129032258,24.73225806451613,25.05
15.6,15.2,15.52258064516129,15.84516129032258,16.16774193548387,16.49032258064516,16.81290322580645,17.13548387096774,17.45806451612903,17.780645161290323,18.10322580645161,18.425806451612903,18.74838709677419,19.070967741935483,19.39354838709677,19.716129032258063,20.038709677419355,20.361290322580643,20.683870967741935,21.006451612903227,21.329032258064515,21.651612903225804,21.974193548387095,22.296774193548387,22.619354838709675,22.941935483870967,23.26451612903226,23.587096774193547,23.909677419354836,24.232258064516127,24.55483870967742,24.877419354838707,25.2
15.7,15.3,15.624193548387098,15.948387096774194,16.27258064516129,16.596774193548388,16.920967741935485,17.24516129032258,17.56935483870968,17.893548387096775,18.217741935483872,18.54193548387097,18.866129032258065,19.190322580645162,19.51451612903226,19.838709677419356,20.162903225806453,20.48709677419355,20.811290322580646,21.135483870967743,21.45967741935484,21.783870967741937,22.108064516129033,22.43225806451613,22.756451612903227,23.080645161290324,23.40483870967742,23.729032258064517,24.053225806451614,24.37741935483871,24.701612903225808,25.025806451612905,25.35
15.8,15.3,15.629032258064516,15.958064516129033,16.28709677419355,16.616129032258065,16.94516129032258,17.274193548387096,17.60322580645161,17.93225806451613,18.261290322580646,18.59032258064516,18.919354838709676,19.248387096774195,19.57741935483871,19.906451612903226,20.23548387096774,20.564516129032256,20.893548387096775,21.22258064516129,21.551612903225806,21.880645161290325,22.20967741935484,22.538709677419355,22.86774193548387,23.196774193548386,23.5258064516129,23.854838709677416,24.183870967741935,24.51290322580645,24.84193548387097,25.170967741935485,25.5
15.9,15.5,15.82741935483871,16.15483870967742,16.48225806451613,16.809677419354838,17.137096774193548,17.46451612903226,17.79193548387097,18.11935483870968,18.44677419354839,18.774193548387096,19.101612903225806,19.429032258064517,19.756451612903227,20.083870967741937,20.411290322580648,20.738709677419358,21.066129032258065,21.393548387096775,21.720967741935485,22.048387096774196,22.375806451612906,22.703225806451613,23.030645161290323,23.358064516129033,23.685483870967744,24.012903225806454,24.340322580645164,24.667741935483875,24.995161290322585,25.322580645161295,25.650000000000002
16.0,15.6,15.95,16.3,16.65,17.0,17.35,17.7,18.037499999999998,18.375,18.7125,19.05,19.3875,19.725,20.0625,20.4,20.7375,21.075,21.4125,21.75,22.0875,22.425,22.7625,23.1,23.4375,23.775,24.1125,24.450000000000003,24.7875,25.125,25.462500000000002,25.8,25.8
16.1,15.6,15.933870967741935,16.26774193548387,16.601612903225806,16.93548387096774,17.269354838709678,17.60322580645161,17.93709677419355,18.270967741935483,18.60483870967742,18.938709677419354,19.27258064516129,19.606451612903225,19.94032258064516,20.274193548387096,20.608064516129033,20.941935483870967,21.2758064516129,21.60967741935484,21.943548387096776,22.27741935483871,22.611290322580643,22.94516129032258,23.279032258064515,23.61290322580645,23.946774193548386,24.280645161290323,24.614516129032257,24.94838709677419,25.282258064516128,25.616129032258065,25.95
16.2,15.8,16.13225806451613,16.46451612903226,16.796774193548387,17.129032258064516,17.461290322580645,17.793548387096774,18.125806451612902,18.458064516129035,18.79032258064516,19.122580645161293,19.45483870967742,19.78709677419355,20.11935483870968,20.451612903225808,20.783870967741937,21.116129032258065,21.448387096774194,21.780645161290323,22.112903225806452,22.44516129032258,22.77741935483871,23.10967741935484,23.44193548387097,23.774193548387096,24.10645161290323,24.438709677419354,24.770967741935486,25.103225806451615,25.435483870967744,25.767741935483873,26.1
16.3,15.8,16.137096774193548,16.4741935483871,16.811290322580646,17.148387096774194,17.48548387096774,17.822580645161292,18.15967741935484,18.496774193548386,18.833870967741937,19.170967741935485,19.508064516129032,19.84516129032258,20.18225806451613,20.519354838709678,20.85645161290323,21.193548387096776,21.530645161290323,21.86774193548387,22.20483870967742,22.54193548387097,22.879032258064516,23.216129032258067,23.553225806451614,23.89032258064516,24.22741935483871,24.564516129032256,24.901612903225807,25.238709677419358,25.575806451612905,25.912903225806453,26.25
16.4,15.9,16.238709677419354,16.57741935483871,16.916129032258066,17.25483870967742,17.593548387096774,17.93225806451613,18.270967741935486,18.60967741935484,18.948387096774194,19.28709677419355,19.625806451612902,19.96451612903226,20.303225806451614,20.641935483870967,20.980645161290322,21.31935483870968,21.658064516129034,21.99677419354839,22.335483870967742,22.674193548387098,23.012903225806454,23.351612903225806,23.690322580645162,24.029032258064518,24.36774193548387,24.706451612903226,25.045161290322582,25.383870967741935,25.722580645161294,26.061290322580646,26.400000000000002
16.5,16.1,16.43709677419355,16.7741935483871,17.111290322580647,17.448387096774194,17.785483870967745,18.122580645161293,18.45967741935484,18.796774193548387,19.133870967741938,19.470967741935485,19.808064516129033,20.145161290322584,20.48225806451613,20.81935483870968,21.156451612903226,21.493548387096777,21.830645161290324,22.16774193548387,22.504838709677422,22.84193548387097,23.179032258064517,23.516129032258064,23.853225806451615,24.190322580645162,24.527419354838713,24.86451612903226,25.201612903225808,25.538709677419355,25.875806451612902,26.212903225806453,26.55
16.6,16.2,16.538709677419355,16.877419354838707,17.216129032258063,17.55483870967742,17.89354838709677,18.232258064516127,18.570967741935483,18.90967741935484,19.24838709677419,19.587096774193547,19.925806451612903,20.26451612903226,20.60322580645161,20.941935483870967,21.280645161290323,21.619354838709675,21.95806451612903,22.296774193548387,22.63548387096774,22.974193548387095,23.31290322580645,23.651612903225804,23.99032258064516,24.329032258064515,24.667741935483868,25.006451612903227,25.34516129032258,25.68387096774193,26.02258064516129,26.361290322580643,26.7
16.7,16.2,16.543548387096774,16.887096774193548,17.230645161290322,17.574193548387097,17.91774193548387,18.261290322580646,18.60483870967742,18.948387096774194,19.29193548387097,19.635483870967743,19.979032258064517,20.32258064516129,20.666129032258063,21.009677419354837,21.35322580645161,21.696774193548386,22.04032258064516,22.383870967741935,22.72741935483871,23.070967741935483,23.414516129032258,23.758064516129032,24.101612903225806,24.44516129032258,24.788709677419355,25.13225806451613,25.475806451612904,25.81935483870968,26.162903225806453,26.506451612903227,26.85
16.8,16.4,16.741935483870968,17.083870967741934,17.425806451612903,17.76774193548387,18.10967741935484,18.451612903225804,18.793548387096774,19.13548387096774,19.47741935483871,19.81935483870968,20.161290322580644,20.50322580645161,20.84516129032258,21.18709677419355,21.529032258064515,21.870967741935484,22.21290322580645,22.55483870967742,22.89677419354839,23.238709677419354,23.58064516129032,23.92258064516129,24.26451612903226,24.606451612903225,24.94838709677419,25.29032258064516,25.63225806451613,25.9741935483871,26.316129032258065,26.65806451612903,27.0
16.9,16.4,16.746774193548386,17.093548387096774,17.44032258064516,17.787096774193547,18.133870967741935,18.480645161290322,18.82741935483871,19.174193548387095,19.520967741935483,19.86774193548387,20.21451612903226,20.561290322580646,20.90806451612903,21.254838709677422,21.601612903225806,21.948387096774194,22.295161290322582,22.641935483870967,22.988709677419358,23.335483870967742,23.68225806451613,24.029032258064518,24.375806451612906,24.722580645161294,25.06935483870968,25.416129032258066,25.762903225806454,26.109677419354842,26.45645161290323,26.803225806451614,27.150000000000002
17.0,16.5,16.85,17.2,17.575,17.95,18.325,18.7,19.058333333333334,19.416666666666664,19.775,20.133333333333333,20.491666666666667,20.85,21.208333333333332,21.566666666666666,21.925,22.28333333333333,22.641666666666666,23.0,23.358333333333334,23.71666666666667,24.075,24.433333333333334,24.791666666666668,25.15,25.508333333333333,25.866666666666667,26.225,26.583333333333336,26.941666666666666,27.3,27.3
17.1,16.7,17.046774193548387,17.393548387096775,17.74032258064516,18.087096774193547,18.433870967741935,18.780645161290323,19.127419354838707,19.474193548387095,19.820967741935483,20.16774193548387,20.51451612903226,20.861290322580643,21.20806451612903,21.55483870967742,21.901612903225807,22.248387096774195,22.59516129032258,22.941935483870967,23.288709677419355,23.63548387096774,23.98225806451613,24.329032258064515,24.675806451612903,25.02258064516129,25.369354838709675,25.716129032258067,26.06290322580645,26.40967741935484,26.756451612903227,27.10322580645161,27.45
17.2,16.7,17.051612903225806,17.403225806451612,17.75483870967742,18.106451612903225,18.45806451612903,18.809677419354838,19.161290322580644,19.51290322580645,19.864516129032257,20.216129032258063,20.56774193548387,20.91935483870968,21.270967741935486,21.622580645161293,21.9741935483871,22.325806451612905,22.67741935483871,23.029032258064518,23.380645161290325,23.73225806451613,24.083870967741937,24.435483870967744,24.78709677419355,25.138709677419357,25.490322580645163,25.84193548387097,26.193548387096776,26.545161290322582,26.89677419354839,27.248387096774195,27.6
17.3,16.8,17.153225806451612,17.506451612903227,17.85967741935484,18.212903225806453,18.566129032258065,18.91935483870968,19.27258064516129,19.625806451612902,19.979032258064517,20.33225806451613,20.685483870967744,21.038709677419355,21.391935483870967,21.74516129032258,22.098387096774193,22.451612903225808,22.80483870967742,23.15806451612903,23.511290322580646,23.86451612903226,24.217741935483872,24.570967741935483,24.924193548387095,25.27741935483871,25.630645161290325,25.983870967741936,26.337096774193547,26.690322580645162,27.043548387096774,27.39677419354839,27.75
17.4,16.8,17.158064516129034,17.516129032258064,17.874193548387098,18.23225806451613,18.59032258064516,18.948387096774194,19.306451612903228,19.664516129032258,20.02258064516129,20.380645161290325,20.738709677419354,21.096774193548388,21.45483870967742,21.81290322580645,22.170967741935485,22.529032258064518,22.88709677419355,23.24516129032258,23.603225806451615,23.961290322580645,24.31935483870968,24.67741935483871,25.035483870967745,25.393548387096775,25.75161290322581,26.10967741935484,26.467741935483872,26.825806451612905,27.18387096774194,27.54193548387097,27.900000000000002
17.5,17.0,17.356451612903225,17.712903225806453,18.06935483870968,18.425806451612903,18.782258064516128,19.138709677419357,19.49516129032258,19.851612903225806,20.20806451612903,20.56451612903226,20.920967741935485,21.27741935483871,21.633870967741935,21.990322580645163,22.346774193548388,22.703225806451613,23.05967741935484,23.416129032258066,23.77258064516129,24.129032258064516,24.48548387096774,24.84193548387097,25.198387096774194,25.55483870967742,25.911290322580648,26.267741935483873,26.624193548387098,26.980645161290326,27.337096774193547,27.693548387096776,28.05
17.6,17.1,17.458064516129035,17.816129032258065,18.174193548387098,18.53225806451613,18.89032258064516,19.248387096774195,19.60645161290323,19.96451612903226,20.322580645161292,20.68064516129032,21.038709677419355,21.39677419354839,21.75483870967742,22.112903225806452,22.470967741935482,22.829032258064515,23.18709677419355,23.545161290322582,23.903225806451612,24.261290322580646,24.619354838709675,24.97741935483871,25.335483870967742,25.693548387096776,26.051612903225806,26.409677419354836,26.76774193548387,27.125806451612902,27.483870967741936,27.841935483870966,28.2
17.7,17.1,17.462903225806453,17.825806451612905,18.188709677419357,18.55161290322581,18.914516129032258,19.277419354838713,19.64032258064516,20.003225806451614,20.366129032258065,20.729032258064517,21.09193548387097,21.45483870967742,21.817741935483873,22.180645161290325,22.543548387096777,22.906451612903226,23.26935483870968,23.63225806451613,23.99516129032258,24.358064516129033,24.720967741935485,25.083870967741937,25.44677419354839,25.80967741935484,26.17258064516129,26.535483870967745,26.898387096774194,27.26129032258065,27.624193548387098,27.98709677419355,28.35
17.8,17.2,17.564516129032256,17.929032258064517,18.293548387096774,18.65806451612903,19.02258064516129,19.387096774193548,19.751612903225805,20.116129032258065,20.480645161290322,20.84516129032258,21.20967741935484,21.574193548387097,21.938709677419354,22.303225806451614,22.66774193548387,23.032258064516128,23.39677419354839,23.761290322580646,24.125806451612902,24.490322580645163,24.85483870967742,25.219354838709677,25.583870967741937,25.948387096774194,26.31290322580645,26.67741935483871,27.04193548387097,27.406451612903226,27.770967741935486,28.135483870967743,28.5
17.9,17.4,17.76290322580645,18.125806451612902,18.488709677419354,18.851612903225806,19.21451612903226,19.57741935483871,19.94032258064516,20.303225806451614,20.666129032258063,21.029032258064515,21.391935483870967,21.75483870967742,22.11774193548387,22.480645161290322,22.843548387096774,23.206451612903226,23.56935483870968,23.93225806451613,24.295161290322582,24.658064516129034,25.020967741935486,25.383870967741935,25.74677419354839,26.10967741935484,26.472580645161294,26.835483870967742,27.198387096774198,27.561290322580646,27.924193548387098,28.28709677419355,28.650000000000002
18.0,17.4,17.799999999999997,18.2,18.575,18.95,19.325,19.7,20.079166666666666,20.458333333333332,20.8375,21.216666666666665,21.59583333333333,21.975,22.354166666666664,22.733333333333334,23.1125,23.491666666666667,23.870833333333334,24.25,24.629166666666666,25.008333333333333,25.3875,25.766666666666666,26.145833333333332,26.525,26.90416666666667,27.28333333333333,27.6625,28.041666666666664,28.420833333333334,28.8,28.8
18.1,17.5,17.86967741935484,18.239354838709676,18.609032258064516,18.978709677419356,19.348387096774193,19.718064516129033,20.08774193548387,20.45741935483871,20.82709677419355,21.196774193548386,21.566451612903226,21.936129032258066,22.305806451612902,22.675483870967742,23.045161290322582,23.41483870967742,23.78451612903226,24.1541935483871,24.523870967741935,24.893548387096775,25.263225806451615,25.63290322580645,26.002580645161288,26.37225806451613,26.741935483870968,27.111612903225804,27.481290322580648,27.850967741935484,28.22064516129032,28.59032258064516,28.96
18.2,17.5,17.87483870967742,18.24967741935484,18.62451612903226,18.999354838709678,19.374193548387098,19.749032258064517,20.123870967741937,20.498709677419356,20.873548387096776,21.248387096774195,21.623225806451615,21.998064516129034,22.372903225806454,22.747741935483873,23.122580645161293,23.497419354838712,23.87225806451613,24.24709677419355,24.62193548387097,24.99677419354839,25.371612903225806,25.74645161290323,26.12129032258065,26.496129032258064,26.870967741935484,27.245806451612903,27.620645161290323,27.995483870967742,28.370322580645162,28.74516129032258,29.12
18.3,17.7,18.073548387096775,18.447096774193547,18.820645161290322,19.194193548387098,19.56774193548387,19.941290322580645,20.314838709677417,20.688387096774193,21.06193548387097,21.43548387096774,21.809032258064516,22.18258064516129,22.556129032258063,22.92967741935484,23.303225806451614,23.676774193548386,24.05032258064516,24.423870967741934,24.79741935483871,25.170967741935485,25.54451612903226,25.918064516129032,26.291612903225804,26.66516129032258,27.038709677419355,27.41225806451613,27.785806451612906,28.159354838709678,28.53290322580645,28.906451612903226,29.28
18.4,17.8,18.175483870967742,18.550967741935484,18.926451612903225,19.30193548387097,19.67741935483871,20.052903225806453,20.428387096774195,20.803870967741936,21.179354838709678,21.55483870967742,21.93032258064516,22.305806451612902,22.681290322580644,23.05677419354839,23.43225806451613,23.80774193548387,24.183225806451613,24.558709677419355,24.9341935483871,25.30967741935484,25.685161290322583,26.060645161290324,26.436129032258066,26.811612903225807,27.18709677419355,27.56258064516129,27.93806451612903,28.313548387096773,28.689032258064515,29.06451612903226,29.44
18.5,17.8,18.18064516129032,18.561290322580646,18.941935483870967,19.322580645161292,19.703225806451613,20.083870967741937,20.46451612903226,20.845161290322583,21.225806451612904,21.60645161290323,21.98709677419355,22.36774193548387,22.748387096774195,23.129032258064516,23.50967741935484,23.89032258064516,24.270967741935486,24.651612903225807,25.032258064516128,25.412903225806453,25.793548387096777,26.174193548387098,26.55483870967742,26.935483870967744,27.31612903225807,27.69677419354839,28.07741935483871,28.458064516129035,28.838709677419356,29.219354838709677,29.6
18.6,18.0,18.379354838709677,18.758709677419354,19.13806451612903,19.517419354838708,19.89677419354839,20.276129032258062,20.655483870967743,21.03483870967742,21.414193548387097,21.793548387096774,22.17290322580645,22.552258064516128,22.931612903225805,23.31096774193548,23.69032258064516,24.06967741935484,24.449032258064513,24.828387096774193,25.20774193548387,25.587096774193547,25.966451612903224,26.3458064516129,26.72516129032258,27.104516129032255,27.483870967741936,27.86322580645161,28.24258064516129,28.621935483870963,29.001290322580644,29.38064516129032,29.759999999999998
18.7,18.0,18.384516129032257,18.769032258064517,19.153548387096773,19.538064516129033,19.92258064516129,20.307096774193546,20.691612903225806,21.076129032258063,21.460645161290323,21.84516129032258,22.22967741935484,22.614193548387096,22.998709677419356,23.383225806451613,23.76774193548387,24.15225806451613,24.536774193548386,24.921290322580646,25.305806451612902,25.69032258064516,26.07483870967742,26.45935483870968,26.843870967741935,27.228387096774192,27.61290322580645,27.99741935483871,28.38193548387097,28.766451612903225,29.15096774193548,29.535483870967738,29.919999999999998
18.8,18.1,18.486451612903227,18.872903225806454,19.25935483870968,19.645806451612906,20.032258064516128,20.418709677419358,20.80516129032258,21.191612903225806,21.578064516129032,21.96451612903226,22.350967741935484,22.73741935483871,23.123870967741937,23.510322580645163,23.89677419354839,24.28322580645161,24.66967741935484,25.056129032258063,25.44258064516129,25.829032258064515,26.21548387096774,26.601935483870967,26.988387096774193,27.37483870967742,27.761290322580642,28.14774193548387,28.534193548387094,28.920645161290324,29.307096774193546,29.693548387096772,30.08
18.9,18.3,18.685161290322583,19.07032258064516,19.455483870967743,19.840645161290322,20.225806451612904,20.610967741935482,20.996129032258064,21.381290322580647,21.766451612903225,22.151612903225807,22.536774193548386,22.921935483870968,23.307096774193546,23.69225806451613,24.07741935483871,24.46258064516129,24.84774193548387,25.232903225806453,25.61806451612903,26.00322580645161,26.388387096774192,26.773548387096774,27.158709677419353,27.543870967741935,27.929032258064517,28.314193548387095,28.699354838709674,29.084516129032256,29.469677419354838,29.854838709677416,30.24
19.0,18.3,18.700000000000003,19.1,19.55,20.0,20.45,20.9,21.29583333333333,21.691666666666666,22.0875,22.48333333333333,22.879166666666666,23.275,23.67083333333333,24.066666666666666,24.4625,24.85833333333333,25.254166666666663,25.65,26.04583333333333,26.441666666666663,26.8375,27.23333333333333,27.629166666666663,28.025,28.42083333333333,28.816666666666663,29.2125,29.60833333333333,30.004166666666663,30.4,30.4
19.1,18.4,18.85,19.3,19.687356321839083,20.07471264367816,20.462068965517243,20.849425287356322,21.236781609195404,21.624137931034483,22.011494252873565,22.398850574712643,22.786206896551725,23.173563218390804,23.560919540229886,23.948275862068964,24.335632183908046,24.722988505747125,25.110344827586207,25.497701149425286,25.885057471264368,26.272413793103446,26.65977011494253,27.047126436781607,27.43448275862069,27.821839080459768,28.20919540229885,28.59655172413793,28.98390804597701,29.37126436781609,29.75862068965517,30.145977011494253,30.53333333333333
19.2,18.6,19.0,19.4,19.788505747126436,20.177011494252874,20.56551724137931,20.954022988505745,21.342528735632182,21.73103448275862,22.119540229885057,22.508045977011495,22.89655172413793,23.285057471264366,23.673563218390804,24.06206896551724,24.45057471264368,24.839080459770116,25.227586206896554,25.616091954022988,26.004597701149425,26.393103448275863,26.7816091954023,27.170114942528734,27.55862068965517,27.94712643678161,28.335632183908046,28.724137931034484,29.11264367816092,29.50114942528736,29.889655172413796,30.27816091954023,30.666666666666668
19.3,18.6,19.1,19.6,19.92,20.240000000000002,20.56,20.88,21.2,21.67142857142857,22.142857142857142,22.614285714285714,23.085714285714285,23.557142857142857,24.02857142857143,24.5,24.89375,25.2875,25.68125,26.075,26.46875,26.8625,27.25625,27.65,28.04375,28.4375,28.83125,29.225,29.61875,30.012500000000003,30.40625,30.8,30.8
